school_code,academic_year,enrollment,frpm_count,foster_count,homeless_count,migrant_program_count,direct_certification_count,frpm_eligible_count,english_learned_count,unduplicated_count,source_sheet,foster_tribal_count
0000000,2019-2020,333,61,28,25,2,91,149,52,176,LEA-Level CALPADS UPC Data,
0000000,2019-2020,52778,25794,227,2212,120,15833,26290,15055,30659,LEA-Level CALPADS UPC Data,
0000000,2019-2020,128,0,6,6,0,25,34,10,40,School-Level CALPADS UPC Data,
0000000,2019-2020,61,0,0,0,0,10,10,23,27,School-Level CALPADS UPC Data,
0000000,2022-2023,346,135,17,23,0,123,168,93,205,LEA-Level CALPADS UPC Data,0
0000000,2022-2023,48785,24670,228,2088,75,18365,25592,13677,29110,LEA-Level CALPADS UPC Data,0
0000000,2022-2023,63,21,0,0,0,11,21,12,27,School-Level CALPADS UPC Data,0
0000000,2018-2019,307,93,31,24,1,110,163,65,193,LEA-Level CALPADS UPC Data,
0000000,2018-2019,52468,27450,254,2064,164,16168,27896,15028,31960,LEA-Level CALPADS UPC Data,
0000000,2018-2019,1,0,0,0,0,0,0,0,0,School-Level CALPADS UPC Data,
0000000,2018-2019,81,18,0,0,0,20,27,41,46,School-Level CALPADS UPC Data,
0000000,2023-2024,464,140,9,11,0,98,155,84,181,LEA-Level CALPADS UPC Data,0
0000000,2023-2024,48732,25680,236,1332,44,17846,26019,12492,29367,LEA-Level CALPADS UPC Data,0
0000000,2023-2024,65,25,0,0,0,15,25,3,27,School-Level CALPADS UPC Data,0
0000000,2021-2022,208,99,13,21,1,98,128,80,160,LEA-Level CALPADS UPC Data,0
0000000,2021-2022,49203,24995,221,2047,133,17982,25500,13514,29031,LEA-Level CALPADS UPC Data,0
0000000,2021-2022,58,24,0,0,0,15,26,19,31,School-Level CALPADS UPC Data,0
0000000,2020-2021,299,103,18,31,1,120,183,43,199,LEA-Level CALPADS UPC Data,0
0000000,2020-2021,51756,25003,200,2090,134,17589,25649,13957,29759,LEA-Level CALPADS UPC Data,0
0000000,2020-2021,54,0,0,0,1,12,12,23,27,School-Level CALPADS UPC Data,0
0000000,2017-2018,310,82,33,23,1,105,160,73,204,LEA-Level CALPADS UPC Data,
0000000,2017-2018,52590,26801,229,1852,152,16761,28240,15390,32244,LEA-Level CALPADS UPC Data,
0000000,2017-2018,319,96,0,0,0,63,121,113,178,School-Level CALPADS UPC Data,
0000000,2016-2017,378,206,36,35,0,103,233,76,260,LEA-Level CALPADS UPC Data,
0000000,2016-2017,53033,28622,304,1984,192,15560,29244,15109,32646,LEA-Level CALPADS UPC Data,
0000000,2016-2017,355,175,2,0,0,64,175,113,213,School-Level CALPADS UPC Data,
0101337,2019-2020,320,213,2,27,0,135,221,56,238,LEA-Level CALPADS UPC Data,
0101337,2019-2020,320,213,2,27,0,135,221,56,238,School-Level CALPADS UPC Data,
0101337,2022-2023,199,175,0,5,0,110,176,72,181,LEA-Level CALPADS UPC Data,0
0101337,2022-2023,199,175,0,5,0,110,176,72,181,School-Level CALPADS UPC Data,0
0101337,2018-2019,312,249,1,29,0,146,262,66,266,LEA-Level CALPADS UPC Data,
0101337,2018-2019,312,249,1,29,0,146,262,66,266,School-Level CALPADS UPC Data,
0101337,2023-2024,185,167,2,4,0,99,169,68,169,LEA-Level CALPADS UPC Data,0
0101337,2023-2024,185,167,2,4,0,99,169,68,169,School-Level CALPADS UPC Data,0
0101337,2021-2022,258,217,1,8,0,123,221,85,226,LEA-Level CALPADS UPC Data,0
0101337,2021-2022,258,217,1,8,0,123,221,85,226,School-Level CALPADS UPC Data,0
0101337,2020-2021,285,246,1,6,0,147,249,71,254,LEA-Level CALPADS UPC Data,0
0101337,2020-2021,285,246,1,6,0,147,249,71,254,School-Level CALPADS UPC Data,0
0101337,2017-2018,294,219,1,15,0,142,226,47,231,LEA-Level CALPADS UPC Data,
0101337,2017-2018,294,219,1,15,0,142,226,47,231,School-Level CALPADS UPC Data,
0101337,2016-2017,263,203,2,2,0,84,211,35,215,LEA-Level CALPADS UPC Data,
0101337,2016-2017,263,203,2,2,0,84,211,35,215,School-Level CALPADS UPC Data,
0101352,2019-2020,357,299,0,19,0,171,301,110,310,LEA-Level CALPADS UPC Data,
0101352,2019-2020,357,299,0,19,0,171,301,110,310,School-Level CALPADS UPC Data,
0101352,2022-2023,278,261,1,15,0,154,264,138,266,LEA-Level CALPADS UPC Data,0
0101352,2022-2023,278,261,1,15,0,154,264,138,266,School-Level CALPADS UPC Data,0
0101352,2018-2019,369,300,1,16,0,157,312,122,322,LEA-Level CALPADS UPC Data,
0101352,2018-2019,369,300,1,16,0,157,312,122,322,School-Level CALPADS UPC Data,
0101352,2023-2024,266,238,2,9,0,128,240,120,245,LEA-Level CALPADS UPC Data,0
0101352,2023-2024,266,238,2,9,0,128,240,120,245,School-Level CALPADS UPC Data,0
0101352,2021-2022,310,280,5,12,0,165,281,138,287,LEA-Level CALPADS UPC Data,0
0101352,2021-2022,310,280,5,12,0,165,281,138,287,School-Level CALPADS UPC Data,0
0101352,2020-2021,351,315,0,17,0,197,318,135,322,LEA-Level CALPADS UPC Data,0
0101352,2020-2021,351,315,0,17,0,197,318,135,322,School-Level CALPADS UPC Data,0
0101352,2017-2018,378,313,1,3,0,168,315,123,321,LEA-Level CALPADS UPC Data,
0101352,2017-2018,378,313,1,3,0,168,315,123,321,School-Level CALPADS UPC Data,
0101352,2016-2017,364,309,0,4,3,104,312,126,316,LEA-Level CALPADS UPC Data,
0101352,2016-2017,364,309,0,4,3,104,312,126,316,School-Level CALPADS UPC Data,
0101774,2019-2020,345,0,1,0,0,3,4,77,81,LEA-Level CALPADS UPC Data,
0101774,2019-2020,345,0,1,0,0,3,4,77,81,School-Level CALPADS UPC Data,
0101774,2022-2023,135,14,2,13,0,29,40,42,74,LEA-Level CALPADS UPC Data,0
0101774,2022-2023,135,14,2,13,0,29,40,42,74,School-Level CALPADS UPC Data,0
0101774,2018-2019,348,0,0,0,0,8,8,52,56,LEA-Level CALPADS UPC Data,
0101774,2018-2019,348,0,0,0,0,8,8,52,56,School-Level CALPADS UPC Data,
0101774,2023-2024,153,14,2,4,0,30,49,55,93,LEA-Level CALPADS UPC Data,0
0101774,2023-2024,153,14,2,4,0,30,49,55,93,School-Level CALPADS UPC Data,0
0101774,2021-2022,87,1,1,9,0,6,13,21,33,LEA-Level CALPADS UPC Data,0
0101774,2021-2022,87,1,1,9,0,6,13,21,33,School-Level CALPADS UPC Data,0
0101774,2020-2021,110,2,4,3,0,34,37,19,52,LEA-Level CALPADS UPC Data,0
0101774,2020-2021,110,2,4,3,0,34,37,19,52,School-Level CALPADS UPC Data,0
0101774,2017-2018,354,0,0,0,0,17,17,48,62,LEA-Level CALPADS UPC Data,
0101774,2017-2018,354,0,0,0,0,17,17,48,62,School-Level CALPADS UPC Data,
0101774,2016-2017,337,0,0,0,0,13,13,46,57,LEA-Level CALPADS UPC Data,
0101774,2016-2017,337,0,0,0,0,13,13,46,57,School-Level CALPADS UPC Data,
0107300,2019-2020,260,129,3,0,0,91,156,38,168,LEA-Level CALPADS UPC Data,
0107300,2019-2020,260,129,3,0,0,91,156,38,168,School-Level CALPADS UPC Data,
0107300,2022-2023,473,322,2,1,0,204,327,119,361,LEA-Level CALPADS UPC Data,0
0107300,2022-2023,473,322,2,1,0,204,327,119,361,School-Level CALPADS UPC Data,0
0107300,2018-2019,276,195,1,0,0,107,209,42,219,LEA-Level CALPADS UPC Data,
0107300,2018-2019,276,195,1,0,0,107,209,42,219,School-Level CALPADS UPC Data,
0107300,2023-2024,407,269,0,1,0,184,287,111,315,LEA-Level CALPADS UPC Data,0
0107300,2023-2024,407,269,0,1,0,184,287,111,315,School-Level CALPADS UPC Data,0
0107300,2021-2022,232,101,0,0,0,95,122,44,139,LEA-Level CALPADS UPC Data,0
0107300,2021-2022,232,101,0,0,0,95,122,44,139,School-Level CALPADS UPC Data,0
0107300,2020-2021,250,98,1,0,0,102,136,30,143,LEA-Level CALPADS UPC Data,0
0107300,2020-2021,250,98,1,0,0,102,136,30,143,School-Level CALPADS UPC Data,0
0107300,2017-2018,288,168,0,2,0,119,190,42,203,LEA-Level CALPADS UPC Data,
0107300,2017-2018,288,168,0,2,0,119,190,42,203,School-Level CALPADS UPC Data,
0107300,2016-2017,335,231,3,5,0,80,242,47,253,LEA-Level CALPADS UPC Data,
0107300,2016-2017,335,231,3,5,0,80,242,47,253,School-Level CALPADS UPC Data,
0118133,2019-2020,116,0,3,1,0,49,51,15,57,LEA-Level CALPADS UPC Data,
0118133,2019-2020,116,0,3,1,0,49,51,15,57,School-Level CALPADS UPC Data,
0118133,2018-2019,109,0,0,0,0,2,2,5,7,LEA-Level CALPADS UPC Data,
0118133,2018-2019,109,0,0,0,0,2,2,5,7,School-Level CALPADS UPC Data,
0118133,2021-2022,71,8,1,3,0,29,35,20,47,LEA-Level CALPADS UPC Data,0
0118133,2021-2022,71,8,1,3,0,29,35,20,47,School-Level CALPADS UPC Data,0
0118133,2020-2021,328,15,4,5,0,93,113,76,168,LEA-Level CALPADS UPC Data,0
0118133,2020-2021,328,15,4,5,0,93,113,76,168,School-Level CALPADS UPC Data,0
0118133,2017-2018,141,0,1,0,0,4,5,10,15,LEA-Level CALPADS UPC Data,
0118133,2017-2018,141,0,1,0,0,4,5,10,15,School-Level CALPADS UPC Data,
0118133,2016-2017,154,0,0,0,0,2,2,13,15,LEA-Level CALPADS UPC Data,
0118133,2016-2017,154,0,0,0,0,2,2,13,15,School-Level CALPADS UPC Data,
0118141,2019-2020,3738,0,33,218,0,319,516,886,1345,LEA-Level CALPADS UPC Data,
0118141,2019-2020,3738,0,33,218,0,319,516,886,1345,School-Level CALPADS UPC Data,
0118141,2022-2023,3019,410,15,239,2,230,769,882,1510,LEA-Level CALPADS UPC Data,0
0118141,2022-2023,3019,410,15,239,2,230,769,882,1510,School-Level CALPADS UPC Data,0
0118141,2018-2019,3417,0,25,30,0,395,431,970,1325,LEA-Level CALPADS UPC Data,
0118141,2018-2019,3417,0,25,30,0,395,431,970,1325,School-Level CALPADS UPC Data,
0118141,2023-2024,3172,739,31,389,2,217,1136,951,1856,LEA-Level CALPADS UPC Data,0
0118141,2023-2024,3172,739,31,389,2,217,1136,951,1856,School-Level CALPADS UPC Data,0
0118141,2021-2022,2352,257,17,213,2,205,606,621,1132,LEA-Level CALPADS UPC Data,0
0118141,2021-2022,2352,257,17,213,2,205,606,621,1132,School-Level CALPADS UPC Data,0
0118141,2020-2021,2434,382,28,198,0,262,737,616,1227,LEA-Level CALPADS UPC Data,0
0118141,2020-2021,2434,382,28,198,0,262,737,616,1227,School-Level CALPADS UPC Data,0
0118141,2017-2018,3203,0,29,39,0,400,445,643,1027,LEA-Level CALPADS UPC Data,
0118141,2017-2018,3203,0,29,39,0,400,445,643,1027,School-Level CALPADS UPC Data,
0118141,2016-2017,2726,0,27,35,0,258,309,553,818,LEA-Level CALPADS UPC Data,
0118141,2016-2017,2726,0,27,35,0,258,309,553,818,School-Level CALPADS UPC Data,
0123265,2019-2020,303,138,0,0,0,54,138,31,147,LEA-Level CALPADS UPC Data,
0123265,2019-2020,303,138,0,0,0,54,138,31,147,School-Level CALPADS UPC Data,
0123265,2022-2023,302,143,3,1,0,86,145,19,150,LEA-Level CALPADS UPC Data,0
0123265,2022-2023,302,143,3,1,0,86,145,19,150,School-Level CALPADS UPC Data,0
0123265,2018-2019,309,121,0,0,0,83,142,29,151,LEA-Level CALPADS UPC Data,
0123265,2018-2019,309,121,0,0,0,83,142,29,151,School-Level CALPADS UPC Data,
0123265,2023-2024,281,118,2,0,0,82,120,25,129,LEA-Level CALPADS UPC Data,0
0123265,2023-2024,281,118,2,0,0,82,120,25,129,School-Level CALPADS UPC Data,0
0123265,2021-2022,296,121,1,0,0,79,122,32,134,LEA-Level CALPADS UPC Data,0
0123265,2021-2022,296,121,1,0,0,79,122,32,134,School-Level CALPADS UPC Data,0
0123265,2020-2021,305,136,0,0,0,88,146,31,151,LEA-Level CALPADS UPC Data,0
0123265,2020-2021,305,136,0,0,0,88,146,31,151,School-Level CALPADS UPC Data,0
0123265,2017-2018,311,180,2,0,0,83,188,29,194,LEA-Level CALPADS UPC Data,
0123265,2017-2018,311,180,2,0,0,83,188,29,194,School-Level CALPADS UPC Data,
0123265,2016-2017,310,152,0,0,0,81,156,22,158,LEA-Level CALPADS UPC Data,
0123265,2016-2017,310,152,0,0,0,81,156,22,158,School-Level CALPADS UPC Data,
0123505,2019-2020,426,337,1,0,0,119,341,205,365,LEA-Level CALPADS UPC Data,
0123505,2019-2020,426,337,1,0,0,119,341,205,365,School-Level CALPADS UPC Data,
0123505,2022-2023,469,265,0,0,0,173,321,188,361,LEA-Level CALPADS UPC Data,0
0123505,2022-2023,469,265,0,0,0,173,321,188,361,School-Level CALPADS UPC Data,0
0123505,2018-2019,385,311,0,0,0,108,314,230,334,LEA-Level CALPADS UPC Data,
0123505,2018-2019,385,311,0,0,0,108,314,230,334,School-Level CALPADS UPC Data,
0123505,2023-2024,490,354,2,22,0,185,382,224,413,LEA-Level CALPADS UPC Data,0
0123505,2023-2024,490,354,2,22,0,185,382,224,413,School-Level CALPADS UPC Data,0
0123505,2021-2022,467,341,0,0,0,168,362,241,402,LEA-Level CALPADS UPC Data,0
0123505,2021-2022,467,341,0,0,0,168,362,241,402,School-Level CALPADS UPC Data,0
0123505,2020-2021,439,126,0,0,0,152,265,210,334,LEA-Level CALPADS UPC Data,0
0123505,2020-2021,439,126,0,0,0,152,265,210,334,School-Level CALPADS UPC Data,0
0123505,2017-2018,313,257,1,0,0,103,259,186,272,LEA-Level CALPADS UPC Data,
0123505,2017-2018,313,257,1,0,0,103,259,186,272,School-Level CALPADS UPC Data,
0123505,2016-2017,264,217,1,0,0,38,217,185,235,LEA-Level CALPADS UPC Data,
0123505,2016-2017,264,217,1,0,0,38,217,185,235,School-Level CALPADS UPC Data,
0127530,2019-2020,379,290,4,10,0,141,296,46,300,LEA-Level CALPADS UPC Data,
0127530,2019-2020,379,290,4,10,0,141,296,46,300,School-Level CALPADS UPC Data,
0127530,2022-2023,316,254,5,8,0,164,258,81,271,LEA-Level CALPADS UPC Data,0
0127530,2022-2023,316,254,5,8,0,164,258,81,271,School-Level CALPADS UPC Data,0
0127530,2018-2019,403,375,2,8,0,162,379,49,381,LEA-Level CALPADS UPC Data,
0127530,2018-2019,403,375,2,8,0,162,379,49,381,School-Level CALPADS UPC Data,
0127530,2023-2024,260,226,2,9,0,129,227,55,230,LEA-Level CALPADS UPC Data,0
0127530,2023-2024,260,226,2,9,0,129,227,55,230,School-Level CALPADS UPC Data,0
0127530,2021-2022,393,339,1,23,0,187,342,94,348,LEA-Level CALPADS UPC Data,0
0127530,2021-2022,393,339,1,23,0,187,342,94,348,School-Level CALPADS UPC Data,0
0127530,2020-2021,428,348,4,8,0,206,355,76,360,LEA-Level CALPADS UPC Data,0
0127530,2020-2021,428,348,4,8,0,206,355,76,360,School-Level CALPADS UPC Data,0
0127530,2017-2018,399,340,2,2,0,150,342,48,345,LEA-Level CALPADS UPC Data,
0127530,2017-2018,399,340,2,2,0,150,342,48,345,School-Level CALPADS UPC Data,
0127530,2016-2017,388,299,2,5,0,81,316,47,320,LEA-Level CALPADS UPC Data,
0127530,2016-2017,388,299,2,5,0,81,316,47,320,School-Level CALPADS UPC Data,
3830411,2019-2020,319,208,0,2,5,126,228,43,234,LEA-Level CALPADS UPC Data,
3830411,2019-2020,319,208,0,2,5,126,228,43,234,School-Level CALPADS UPC Data,
3830411,2018-2019,324,177,2,2,8,125,206,42,217,LEA-Level CALPADS UPC Data,
3830411,2018-2019,324,177,2,2,8,125,206,42,217,School-Level CALPADS UPC Data,
3830411,2021-2022,316,164,0,2,1,123,217,65,238,LEA-Level CALPADS UPC Data,0
3830411,2021-2022,316,164,0,2,1,123,217,65,238,School-Level CALPADS UPC Data,0
3830411,2020-2021,334,192,0,3,1,142,228,51,239,LEA-Level CALPADS UPC Data,0
3830411,2020-2021,334,192,0,3,1,142,228,51,239,School-Level CALPADS UPC Data,0
3830411,2017-2018,304,171,2,0,5,104,193,34,204,LEA-Level CALPADS UPC Data,
3830411,2017-2018,304,171,2,0,5,104,193,34,204,School-Level CALPADS UPC Data,
3830411,2016-2017,296,194,2,4,6,55,196,48,207,LEA-Level CALPADS UPC Data,
3830411,2016-2017,296,194,2,4,6,55,196,48,207,School-Level CALPADS UPC Data,
3830429,2019-2020,33,23,1,0,0,15,27,5,28,LEA-Level CALPADS UPC Data,
3830429,2019-2020,33,23,1,0,0,15,27,5,28,School-Level CALPADS UPC Data,
3830429,2022-2023,41,30,1,0,0,28,36,0,36,LEA-Level CALPADS UPC Data,0
3830429,2022-2023,41,30,1,0,0,28,36,0,36,School-Level CALPADS UPC Data,0
3830429,2018-2019,30,17,3,0,0,18,26,4,26,LEA-Level CALPADS UPC Data,
3830429,2018-2019,30,17,3,0,0,18,26,4,26,School-Level CALPADS UPC Data,
3830429,2023-2024,41,26,1,0,0,25,32,7,33,LEA-Level CALPADS UPC Data,0
3830429,2023-2024,41,26,1,0,0,25,32,7,33,School-Level CALPADS UPC Data,0
3830429,2021-2022,30,14,1,0,0,23,26,1,26,LEA-Level CALPADS UPC Data,0
3830429,2021-2022,30,14,1,0,0,23,26,1,26,School-Level CALPADS UPC Data,0
3830429,2020-2021,34,15,1,0,0,16,25,4,25,LEA-Level CALPADS UPC Data,0
3830429,2020-2021,34,15,1,0,0,16,25,4,25,School-Level CALPADS UPC Data,0
3830429,2017-2018,32,21,4,0,0,15,27,4,28,LEA-Level CALPADS UPC Data,
3830429,2017-2018,32,21,4,0,0,15,27,4,28,School-Level CALPADS UPC Data,
3830429,2016-2017,32,19,5,0,0,12,24,4,25,LEA-Level CALPADS UPC Data,
3830429,2016-2017,32,19,5,0,0,12,24,4,25,School-Level CALPADS UPC Data,
3830437,2019-2020,485,205,0,0,0,117,206,25,215,LEA-Level CALPADS UPC Data,
3830437,2019-2020,485,205,0,0,0,117,206,25,215,School-Level CALPADS UPC Data,
3830437,2022-2023,489,239,2,0,0,157,240,43,258,LEA-Level CALPADS UPC Data,0
3830437,2022-2023,489,239,2,0,0,157,240,43,258,School-Level CALPADS UPC Data,0
3830437,2018-2019,479,171,0,0,0,119,200,19,204,LEA-Level CALPADS UPC Data,
3830437,2018-2019,479,171,0,0,0,119,200,19,204,School-Level CALPADS UPC Data,
3830437,2023-2024,475,204,0,0,0,134,206,43,223,LEA-Level CALPADS UPC Data,0
3830437,2023-2024,475,204,0,0,0,134,206,43,223,School-Level CALPADS UPC Data,0
3830437,2021-2022,500,244,0,0,0,146,244,41,254,LEA-Level CALPADS UPC Data,0
3830437,2021-2022,500,244,0,0,0,146,244,41,254,School-Level CALPADS UPC Data,0
3830437,2020-2021,519,232,0,0,0,141,253,37,267,LEA-Level CALPADS UPC Data,0
3830437,2020-2021,519,232,0,0,0,141,253,37,267,School-Level CALPADS UPC Data,0
3830437,2017-2018,482,182,0,0,0,113,218,24,225,LEA-Level CALPADS UPC Data,
3830437,2017-2018,482,182,0,0,0,113,218,24,225,School-Level CALPADS UPC Data,
3830437,2016-2017,477,194,0,0,0,96,198,25,205,LEA-Level CALPADS UPC Data,
3830437,2016-2017,477,194,0,0,0,96,198,25,205,School-Level CALPADS UPC Data,
6040935,2019-2020,732,552,0,26,0,223,558,287,586,LEA-Level CALPADS UPC Data,
6040935,2019-2020,732,552,0,26,0,223,558,287,586,School-Level CALPADS UPC Data,
6040935,2022-2023,590,0,2,0,0,210,211,254,365,LEA-Level CALPADS UPC Data,0
6040935,2022-2023,590,0,2,0,0,210,211,254,365,School-Level CALPADS UPC Data,0
6040935,2018-2019,730,543,0,6,0,242,550,270,575,LEA-Level CALPADS UPC Data,
6040935,2018-2019,730,543,0,6,0,242,550,270,575,School-Level CALPADS UPC Data,
6040935,2023-2024,557,365,1,32,0,184,373,231,417,LEA-Level CALPADS UPC Data,0
6040935,2023-2024,557,365,1,32,0,184,373,231,417,School-Level CALPADS UPC Data,0
6040935,2021-2022,641,422,3,25,0,232,432,263,481,LEA-Level CALPADS UPC Data,0
6040935,2021-2022,641,422,3,25,0,232,432,263,481,School-Level CALPADS UPC Data,0
6040935,2020-2021,710,474,2,25,0,246,486,282,529,LEA-Level CALPADS UPC Data,0
6040935,2020-2021,710,474,2,25,0,246,486,282,529,School-Level CALPADS UPC Data,0
6040935,2017-2018,734,600,0,2,0,255,600,211,613,LEA-Level CALPADS UPC Data,
6040935,2017-2018,734,600,0,2,0,255,600,211,613,School-Level CALPADS UPC Data,
6040935,2016-2017,715,564,1,2,0,165,570,210,598,LEA-Level CALPADS UPC Data,
6040935,2016-2017,715,564,1,2,0,165,570,210,598,School-Level CALPADS UPC Data,
6112601,2019-2020,440,63,1,0,0,49,78,41,103,LEA-Level CALPADS UPC Data,
6112601,2019-2020,440,63,1,0,0,49,78,41,103,School-Level CALPADS UPC Data,
6112601,2022-2023,441,86,0,0,0,71,112,17,121,LEA-Level CALPADS UPC Data,0
6112601,2022-2023,441,86,0,0,0,71,112,17,121,School-Level CALPADS UPC Data,0
6112601,2018-2019,431,79,1,0,0,48,88,32,108,LEA-Level CALPADS UPC Data,
6112601,2018-2019,431,79,1,0,0,48,88,32,108,School-Level CALPADS UPC Data,
6112601,2023-2024,429,15,0,0,0,81,95,20,106,LEA-Level CALPADS UPC Data,0
6112601,2023-2024,429,15,0,0,0,81,95,20,106,School-Level CALPADS UPC Data,0
6112601,2021-2022,435,45,1,0,0,77,98,17,107,LEA-Level CALPADS UPC Data,0
6112601,2021-2022,435,45,1,0,0,77,98,17,107,School-Level CALPADS UPC Data,0
6112601,2020-2021,422,62,1,0,0,61,94,35,110,LEA-Level CALPADS UPC Data,0
6112601,2020-2021,422,62,1,0,0,61,94,35,110,School-Level CALPADS UPC Data,0
6112601,2017-2018,436,97,0,0,0,48,108,29,129,LEA-Level CALPADS UPC Data,
6112601,2017-2018,436,97,0,0,0,48,108,29,129,School-Level CALPADS UPC Data,
6112601,2016-2017,439,76,0,0,0,36,79,32,102,LEA-Level CALPADS UPC Data,
6112601,2016-2017,439,76,0,0,0,36,79,32,102,School-Level CALPADS UPC Data,
0132159,2019-2020,97,75,2,0,0,50,87,28,88,LEA-Level CALPADS UPC Data,
0132159,2019-2020,97,75,2,0,0,50,87,28,88,School-Level CALPADS UPC Data,
0132159,2018-2019,149,57,4,0,0,90,111,40,118,LEA-Level CALPADS UPC Data,
0132159,2018-2019,149,57,4,0,0,90,111,40,118,School-Level CALPADS UPC Data,
0132159,2017-2018,156,80,4,0,0,82,124,49,131,LEA-Level CALPADS UPC Data,
0132159,2017-2018,156,80,4,0,0,82,124,49,131,School-Level CALPADS UPC Data,
0132159,2016-2017,123,116,0,0,0,44,117,36,119,LEA-Level CALPADS UPC Data,
0132159,2016-2017,123,116,0,0,0,44,117,36,119,School-Level CALPADS UPC Data,
0132183,2019-2020,288,34,2,0,0,24,39,25,49,LEA-Level CALPADS UPC Data,
0132183,2019-2020,288,34,2,0,0,24,39,25,49,School-Level CALPADS UPC Data,
0132183,2022-2023,439,143,1,0,0,76,148,54,158,LEA-Level CALPADS UPC Data,0
0132183,2022-2023,439,143,1,0,0,76,148,54,158,School-Level CALPADS UPC Data,0
0132183,2018-2019,235,24,2,0,0,20,27,22,38,LEA-Level CALPADS UPC Data,
0132183,2018-2019,235,24,2,0,0,20,27,22,38,School-Level CALPADS UPC Data,
0132183,2023-2024,444,159,1,0,0,84,162,56,171,LEA-Level CALPADS UPC Data,0
0132183,2023-2024,444,159,1,0,0,84,162,56,171,School-Level CALPADS UPC Data,0
0132183,2021-2022,391,120,1,0,0,68,123,36,128,LEA-Level CALPADS UPC Data,0
0132183,2021-2022,391,120,1,0,0,68,123,36,128,School-Level CALPADS UPC Data,0
0132183,2020-2021,347,88,2,0,0,52,96,36,105,LEA-Level CALPADS UPC Data,0
0132183,2020-2021,347,88,2,0,0,52,96,36,105,School-Level CALPADS UPC Data,0
0132183,2017-2018,184,27,2,0,0,14,31,25,41,LEA-Level CALPADS UPC Data,
0132183,2017-2018,184,27,2,0,0,14,31,25,41,School-Level CALPADS UPC Data,
0132183,2016-2017,130,19,2,0,0,12,24,18,31,LEA-Level CALPADS UPC Data,
0132183,2016-2017,130,19,2,0,0,12,24,18,31,School-Level CALPADS UPC Data,
0137307,2019-2020,109,89,0,10,0,63,91,14,94,LEA-Level CALPADS UPC Data,
0137307,2019-2020,109,89,0,10,0,63,91,14,94,School-Level CALPADS UPC Data,
0137307,2022-2023,160,147,0,4,0,103,148,25,149,LEA-Level CALPADS UPC Data,0
0137307,2022-2023,160,147,0,4,0,103,148,25,149,School-Level CALPADS UPC Data,0
0137307,2018-2019,70,63,0,5,0,38,63,3,63,LEA-Level CALPADS UPC Data,
0137307,2018-2019,70,63,0,5,0,38,63,3,63,School-Level CALPADS UPC Data,
0137307,2023-2024,143,134,5,4,0,84,135,19,137,LEA-Level CALPADS UPC Data,0
0137307,2023-2024,143,134,5,4,0,84,135,19,137,School-Level CALPADS UPC Data,0
0137307,2021-2022,187,160,1,8,0,117,161,30,162,LEA-Level CALPADS UPC Data,0
0137307,2021-2022,187,160,1,8,0,117,161,30,162,School-Level CALPADS UPC Data,0
0137307,2020-2021,147,135,0,8,0,101,136,20,137,LEA-Level CALPADS UPC Data,0
0137307,2020-2021,147,135,0,8,0,101,136,20,137,School-Level CALPADS UPC Data,0
0138842,2019-2020,57,46,0,0,0,21,46,23,51,LEA-Level CALPADS UPC Data,
0138842,2019-2020,57,46,0,0,0,21,46,23,51,School-Level CALPADS UPC Data,
3830361,2019-2020,17,0,9,1,0,3,12,3,17,School-Level CALPADS UPC Data,
3830361,2022-2023,10,0,3,0,0,3,5,0,10,School-Level CALPADS UPC Data,0
3830361,2018-2019,31,0,7,2,0,11,17,4,31,School-Level CALPADS UPC Data,
3830361,2023-2024,11,3,0,0,0,3,4,2,11,School-Level CALPADS UPC Data,0
3830361,2021-2022,5,0,1,0,0,2,3,1,5,School-Level CALPADS UPC Data,0
3830361,2020-2021,11,0,1,0,0,4,5,1,11,School-Level CALPADS UPC Data,0
3830361,2017-2018,53,0,12,3,0,15,24,9,53,School-Level CALPADS UPC Data,
3830361,2016-2017,37,18,6,2,0,11,22,10,37,School-Level CALPADS UPC Data,
3830395,2019-2020,41,30,2,6,1,18,32,20,38,School-Level CALPADS UPC Data,
3830395,2022-2023,85,59,3,6,0,39,61,68,83,School-Level CALPADS UPC Data,0
3830395,2018-2019,41,38,5,5,1,24,39,28,41,School-Level CALPADS UPC Data,
3830395,2023-2024,76,68,2,4,0,30,70,54,74,School-Level CALPADS UPC Data,0
3830395,2021-2022,91,56,3,5,1,45,60,70,87,School-Level CALPADS UPC Data,0
3830395,2020-2021,44,44,1,7,1,23,44,20,44,School-Level CALPADS UPC Data,0
3830395,2017-2018,45,38,6,6,1,21,43,35,45,School-Level CALPADS UPC Data,
3830395,2016-2017,43,36,4,8,0,14,41,26,42,School-Level CALPADS UPC Data,
3830445,2019-2020,75,30,10,9,1,28,51,11,56,School-Level CALPADS UPC Data,
3830445,2022-2023,58,44,6,12,0,36,47,11,50,School-Level CALPADS UPC Data,0
3830445,2018-2019,73,43,10,8,0,39,54,9,56,School-Level CALPADS UPC Data,
3830445,2023-2024,50,31,3,4,0,29,38,10,41,School-Level CALPADS UPC Data,0
3830445,2021-2022,36,33,6,12,0,25,34,3,34,School-Level CALPADS UPC Data,0
3830445,2020-2021,64,35,7,13,0,35,56,6,58,School-Level CALPADS UPC Data,0
3830445,2017-2018,69,31,4,9,0,34,44,8,46,School-Level CALPADS UPC Data,
3830445,2016-2017,107,66,5,17,0,47,75,15,78,School-Level CALPADS UPC Data,
6069561,2019-2020,48,1,0,2,0,10,12,5,15,School-Level CALPADS UPC Data,
6069561,2022-2023,101,32,1,2,0,28,35,5,36,School-Level CALPADS UPC Data,0
6069561,2018-2019,74,12,2,2,0,15,19,13,25,School-Level CALPADS UPC Data,
6069561,2023-2024,247,11,0,1,0,13,15,10,24,School-Level CALPADS UPC Data,0
6069561,2021-2022,14,10,1,1,0,7,10,1,10,School-Level CALPADS UPC Data,0
6069561,2020-2021,58,22,2,3,0,20,34,5,36,School-Level CALPADS UPC Data,0
6069561,2017-2018,76,13,2,3,0,19,24,14,30,School-Level CALPADS UPC Data,
6069561,2016-2017,50,16,0,3,0,11,18,8,21,School-Level CALPADS UPC Data,
0102103,2019-2020,233,152,2,20,4,109,155,74,174,School-Level CALPADS UPC Data,
0102103,2022-2023,201,123,5,15,0,89,128,62,152,School-Level CALPADS UPC Data,0
0102103,2018-2019,233,162,6,21,2,107,169,68,179,School-Level CALPADS UPC Data,
0102103,2023-2024,206,127,4,17,0,98,130,65,160,School-Level CALPADS UPC Data,0
0102103,2021-2022,208,140,3,17,0,91,142,69,162,School-Level CALPADS UPC Data,0
0102103,2020-2021,232,146,3,20,4,108,149,85,178,School-Level CALPADS UPC Data,0
0102103,2017-2018,260,177,7,19,2,121,188,60,198,School-Level CALPADS UPC Data,
0102103,2016-2017,242,140,4,21,0,98,150,56,164,School-Level CALPADS UPC Data,
0111427,2019-2020,498,121,1,2,0,74,123,74,152,School-Level CALPADS UPC Data,
0111427,2022-2023,394,104,0,2,0,72,106,73,135,School-Level CALPADS UPC Data,0
0111427,2018-2019,502,122,2,2,0,61,122,92,168,School-Level CALPADS UPC Data,
0111427,2023-2024,383,117,0,7,0,80,119,69,145,School-Level CALPADS UPC Data,0
0111427,2021-2022,406,99,1,1,0,80,103,63,122,School-Level CALPADS UPC Data,0
0111427,2020-2021,489,116,1,2,0,88,121,73,147,School-Level CALPADS UPC Data,0
0111427,2017-2018,494,102,1,2,0,59,114,95,165,School-Level CALPADS UPC Data,
0111427,2016-2017,499,132,3,2,0,63,134,102,176,School-Level CALPADS UPC Data,
0117465,2019-2020,22,16,0,0,0,8,16,17,20,School-Level CALPADS UPC Data,
0117465,2022-2023,22,20,0,0,0,18,20,16,20,School-Level CALPADS UPC Data,0
0117465,2023-2024,22,18,0,0,0,14,18,19,20,School-Level CALPADS UPC Data,0
0117465,2021-2022,24,19,0,0,0,18,20,20,23,School-Level CALPADS UPC Data,0
0117465,2020-2021,22,21,0,0,0,15,21,16,22,School-Level CALPADS UPC Data,0
0117473,2019-2020,44,18,0,0,0,8,18,11,23,School-Level CALPADS UPC Data,
0117473,2022-2023,44,23,0,0,0,15,23,24,27,School-Level CALPADS UPC Data,0
0117473,2018-2019,42,27,0,0,0,15,27,14,30,School-Level CALPADS UPC Data,
0117473,2023-2024,44,22,0,0,0,3,22,15,28,School-Level CALPADS UPC Data,0
0117473,2021-2022,42,25,0,0,0,20,26,16,27,School-Level CALPADS UPC Data,0
0117473,2020-2021,44,16,0,0,0,10,16,12,21,School-Level CALPADS UPC Data,0
0117499,2019-2020,22,11,0,0,0,5,11,2,12,School-Level CALPADS UPC Data,
0117499,2018-2019,22,2,0,0,0,1,2,3,4,School-Level CALPADS UPC Data,
0117499,2021-2022,21,4,0,0,0,5,5,2,6,School-Level CALPADS UPC Data,0
0117499,2020-2021,21,7,0,0,0,7,7,1,7,School-Level CALPADS UPC Data,0
0117523,2019-2020,62,17,0,0,0,15,18,21,29,School-Level CALPADS UPC Data,
0117523,2022-2023,71,22,0,0,0,13,24,26,35,School-Level CALPADS UPC Data,0
0117523,2018-2019,56,13,0,0,0,4,13,19,23,School-Level CALPADS UPC Data,
0117523,2023-2024,89,30,0,0,0,16,30,19,34,School-Level CALPADS UPC Data,0
0117523,2021-2022,43,14,0,1,0,10,14,8,17,School-Level CALPADS UPC Data,0
0117523,2020-2021,56,10,0,0,0,7,10,7,15,School-Level CALPADS UPC Data,0
0117531,2019-2020,16,10,0,0,0,8,10,7,10,School-Level CALPADS UPC Data,
0117531,2022-2023,26,18,1,0,0,13,18,5,20,School-Level CALPADS UPC Data,0
0117531,2018-2019,22,12,0,0,0,7,13,3,13,School-Level CALPADS UPC Data,
0117531,2023-2024,28,13,1,0,0,11,15,3,15,School-Level CALPADS UPC Data,0
0117531,2021-2022,18,13,0,0,0,11,13,5,15,School-Level CALPADS UPC Data,0
0117531,2020-2021,14,7,0,0,0,5,7,6,10,School-Level CALPADS UPC Data,0
0119875,2019-2020,333,189,5,11,0,105,193,327,332,School-Level CALPADS UPC Data,
0119875,2022-2023,401,297,1,8,0,196,299,352,380,School-Level CALPADS UPC Data,0
0119875,2018-2019,297,215,4,11,0,122,216,277,291,School-Level CALPADS UPC Data,
0119875,2023-2024,392,276,4,28,0,182,279,354,378,School-Level CALPADS UPC Data,0
0119875,2021-2022,293,203,0,4,0,122,210,252,286,School-Level CALPADS UPC Data,0
0119875,2020-2021,275,209,1,5,0,116,210,273,274,School-Level CALPADS UPC Data,0
0119875,2017-2018,325,263,3,5,0,144,280,316,325,School-Level CALPADS UPC Data,
0119875,2016-2017,325,238,2,12,0,128,244,314,323,School-Level CALPADS UPC Data,
0119958,2019-2020,338,174,2,21,3,118,178,46,199,School-Level CALPADS UPC Data,
0119958,2022-2023,320,173,5,18,3,141,190,46,205,School-Level CALPADS UPC Data,0
0119958,2018-2019,358,196,10,20,5,119,197,29,206,School-Level CALPADS UPC Data,
0119958,2023-2024,265,156,5,15,2,125,157,31,168,School-Level CALPADS UPC Data,0
0119958,2021-2022,347,197,2,22,4,137,197,57,219,School-Level CALPADS UPC Data,0
0119958,2020-2021,359,188,4,22,3,144,198,55,226,School-Level CALPADS UPC Data,0
0119958,2017-2018,359,170,2,22,6,123,182,36,197,School-Level CALPADS UPC Data,
0119958,2016-2017,362,192,5,24,4,120,204,40,217,School-Level CALPADS UPC Data,
0120386,2019-2020,384,113,0,1,0,62,116,144,193,School-Level CALPADS UPC Data,
0120386,2022-2023,376,109,0,0,0,91,114,124,178,School-Level CALPADS UPC Data,0
0120386,2018-2019,387,100,0,2,0,44,101,164,199,School-Level CALPADS UPC Data,
0120386,2023-2024,382,137,0,2,0,82,137,96,177,School-Level CALPADS UPC Data,0
0120386,2021-2022,370,119,1,0,0,86,120,125,186,School-Level CALPADS UPC Data,0
0120386,2020-2021,383,119,1,1,0,77,120,117,177,School-Level CALPADS UPC Data,0
0120386,2017-2018,376,94,0,1,0,36,94,162,197,School-Level CALPADS UPC Data,
0120386,2016-2017,400,72,0,1,0,31,73,137,168,School-Level CALPADS UPC Data,
0123117,2019-2020,175,44,0,3,0,33,47,16,55,School-Level CALPADS UPC Data,
0123117,2022-2023,118,57,2,3,0,38,59,15,62,School-Level CALPADS UPC Data,0
0123117,2018-2019,173,59,2,4,0,35,60,23,72,School-Level CALPADS UPC Data,
0123117,2023-2024,112,50,0,4,0,29,50,15,53,School-Level CALPADS UPC Data,0
0123117,2021-2022,121,49,1,1,0,35,52,17,56,School-Level CALPADS UPC Data,0
0123117,2020-2021,165,58,0,3,0,31,60,14,66,School-Level CALPADS UPC Data,0
0123117,2017-2018,176,55,0,4,0,37,55,22,68,School-Level CALPADS UPC Data,
0123117,2016-2017,172,51,2,4,0,35,54,27,68,School-Level CALPADS UPC Data,
0132241,2019-2020,181,117,1,16,0,93,117,40,130,School-Level CALPADS UPC Data,
0132241,2022-2023,257,128,8,17,0,116,143,47,157,School-Level CALPADS UPC Data,0
0132241,2018-2019,226,175,3,25,0,129,179,49,189,School-Level CALPADS UPC Data,
0132241,2023-2024,313,170,6,16,0,142,176,43,190,School-Level CALPADS UPC Data,0
0132241,2021-2022,196,113,5,15,0,87,120,38,130,School-Level CALPADS UPC Data,0
0132241,2020-2021,190,126,4,25,0,102,129,38,141,School-Level CALPADS UPC Data,0
0132241,2017-2018,382,257,4,27,0,206,286,59,302,School-Level CALPADS UPC Data,
0132241,2016-2017,251,172,1,16,0,133,178,30,186,School-Level CALPADS UPC Data,
3830031,2019-2020,184,117,10,28,0,79,127,36,141,School-Level CALPADS UPC Data,
3830031,2022-2023,152,102,3,29,0,85,106,35,119,School-Level CALPADS UPC Data,0
3830031,2018-2019,165,100,8,20,0,69,107,32,117,School-Level CALPADS UPC Data,
3830031,2023-2024,179,137,2,13,0,99,142,37,148,School-Level CALPADS UPC Data,0
3830031,2021-2022,133,79,7,22,1,70,89,13,93,School-Level CALPADS UPC Data,0
3830031,2020-2021,183,109,7,30,2,91,123,32,134,School-Level CALPADS UPC Data,0
3830031,2017-2018,181,111,4,19,0,86,123,33,139,School-Level CALPADS UPC Data,
3830031,2016-2017,161,129,11,19,0,76,131,25,141,School-Level CALPADS UPC Data,
3830064,2019-2020,152,102,9,38,1,75,110,27,119,School-Level CALPADS UPC Data,
3830064,2022-2023,103,71,3,20,0,57,74,22,82,School-Level CALPADS UPC Data,0
3830064,2018-2019,171,108,7,15,0,84,123,37,138,School-Level CALPADS UPC Data,
3830064,2023-2024,147,92,2,2,0,82,96,40,116,School-Level CALPADS UPC Data,0
3830064,2021-2022,134,99,1,25,1,79,101,30,105,School-Level CALPADS UPC Data,0
3830064,2020-2021,144,104,0,35,1,75,109,21,115,School-Level CALPADS UPC Data,0
3830064,2017-2018,169,116,9,20,0,93,131,41,139,School-Level CALPADS UPC Data,
3830064,2016-2017,143,110,4,16,0,62,111,34,114,School-Level CALPADS UPC Data,
3830197,2019-2020,158,62,6,6,0,45,66,6,70,School-Level CALPADS UPC Data,
3830197,2022-2023,205,104,10,13,0,77,107,7,108,School-Level CALPADS UPC Data,0
3830197,2018-2019,186,95,4,11,0,68,98,4,100,School-Level CALPADS UPC Data,
3830197,2023-2024,197,99,6,5,0,74,104,4,105,School-Level CALPADS UPC Data,0
3830197,2021-2022,137,66,5,11,0,51,71,10,74,School-Level CALPADS UPC Data,0
3830197,2020-2021,162,65,6,13,0,53,78,4,78,School-Level CALPADS UPC Data,0
3830197,2017-2018,176,94,4,10,0,64,101,10,105,School-Level CALPADS UPC Data,
3830197,2016-2017,205,112,4,15,1,76,116,7,117,School-Level CALPADS UPC Data,
3830205,2019-2020,677,321,5,24,2,185,329,85,355,School-Level CALPADS UPC Data,
3830205,2022-2023,549,266,3,27,0,201,278,60,297,School-Level CALPADS UPC Data,0
3830205,2018-2019,626,323,5,12,2,170,326,73,357,School-Level CALPADS UPC Data,
3830205,2023-2024,551,241,7,12,0,194,252,71,279,School-Level CALPADS UPC Data,0
3830205,2021-2022,636,298,5,29,1,216,309,65,328,School-Level CALPADS UPC Data,0
3830205,2020-2021,659,295,2,24,2,216,308,71,331,School-Level CALPADS UPC Data,0
3830205,2017-2018,637,326,3,13,0,187,341,76,364,School-Level CALPADS UPC Data,
3830205,2016-2017,639,344,3,17,0,172,353,81,368,School-Level CALPADS UPC Data,
3830254,2019-2020,1141,676,3,86,2,425,689,227,769,School-Level CALPADS UPC Data,
3830254,2022-2023,1060,595,4,48,0,487,657,243,744,School-Level CALPADS UPC Data,0
3830254,2018-2019,1092,714,6,68,7,425,727,199,785,School-Level CALPADS UPC Data,
3830254,2023-2024,1031,642,5,22,0,480,653,200,727,School-Level CALPADS UPC Data,0
3830254,2021-2022,1144,676,12,67,1,507,689,256,780,School-Level CALPADS UPC Data,0
3830254,2020-2021,1174,718,5,78,4,474,746,268,832,School-Level CALPADS UPC Data,0
3830254,2017-2018,1063,679,8,68,4,437,713,195,764,School-Level CALPADS UPC Data,
3830254,2016-2017,1055,587,11,68,1,403,615,175,674,School-Level CALPADS UPC Data,
3830288,2019-2020,1221,703,6,50,2,456,709,247,787,School-Level CALPADS UPC Data,
3830288,2022-2023,1278,741,5,57,0,573,788,267,856,School-Level CALPADS UPC Data,0
3830288,2018-2019,1217,828,2,56,4,456,844,250,889,School-Level CALPADS UPC Data,
3830288,2023-2024,1251,758,4,23,0,593,768,204,819,School-Level CALPADS UPC Data,0
3830288,2021-2022,1262,756,1,52,0,552,766,271,838,School-Level CALPADS UPC Data,0
3830288,2020-2021,1229,694,4,50,1,509,723,256,813,School-Level CALPADS UPC Data,0
3830288,2017-2018,1271,742,2,60,4,466,787,266,842,School-Level CALPADS UPC Data,
3830288,2016-2017,1249,815,4,61,6,411,826,229,867,School-Level CALPADS UPC Data,
3830387,2019-2020,809,151,1,17,0,87,156,8,158,School-Level CALPADS UPC Data,
3830387,2022-2023,679,122,2,11,0,89,128,12,130,School-Level CALPADS UPC Data,0
3830387,2018-2019,795,145,1,14,0,85,148,15,157,School-Level CALPADS UPC Data,
3830387,2023-2024,680,127,2,5,0,87,127,9,129,School-Level CALPADS UPC Data,0
3830387,2021-2022,750,137,2,16,0,97,142,12,145,School-Level CALPADS UPC Data,0
3830387,2020-2021,776,148,3,14,0,103,155,10,158,School-Level CALPADS UPC Data,0
3830387,2017-2018,756,172,1,12,0,90,178,16,184,School-Level CALPADS UPC Data,
3830387,2016-2017,664,134,3,10,0,75,137,18,146,School-Level CALPADS UPC Data,
3830403,2019-2020,509,285,3,23,0,167,294,333,435,School-Level CALPADS UPC Data,
3830403,2022-2023,457,288,4,26,0,220,305,283,391,School-Level CALPADS UPC Data,0
3830403,2018-2019,452,271,6,24,2,186,282,282,389,School-Level CALPADS UPC Data,
3830403,2023-2024,477,391,6,18,0,206,398,279,447,School-Level CALPADS UPC Data,0
3830403,2021-2022,526,412,2,25,0,261,421,309,471,School-Level CALPADS UPC Data,0
3830403,2020-2021,526,309,5,22,0,238,327,319,444,School-Level CALPADS UPC Data,0
3830403,2017-2018,441,261,7,26,1,156,283,261,385,School-Level CALPADS UPC Data,
3830403,2016-2017,463,281,10,17,2,157,293,258,390,School-Level CALPADS UPC Data,
3831765,2019-2020,1838,1121,6,139,1,726,1140,411,1237,School-Level CALPADS UPC Data,
3831765,2022-2023,1826,1009,4,135,0,834,1068,431,1209,School-Level CALPADS UPC Data,0
3831765,2018-2019,1816,1188,7,141,0,764,1209,412,1290,School-Level CALPADS UPC Data,
3831765,2023-2024,1741,1007,4,96,0,798,1024,405,1152,School-Level CALPADS UPC Data,0
3831765,2021-2022,1877,1158,4,116,1,870,1182,424,1283,School-Level CALPADS UPC Data,0
3831765,2020-2021,1846,1103,2,132,1,816,1135,394,1238,School-Level CALPADS UPC Data,0
3831765,2017-2018,1831,1120,9,109,0,752,1185,385,1268,School-Level CALPADS UPC Data,
3831765,2016-2017,1872,1456,7,123,0,717,1470,373,1511,School-Level CALPADS UPC Data,
3833241,2019-2020,2046,891,9,58,6,565,905,318,1037,School-Level CALPADS UPC Data,
3833241,2022-2023,1997,922,6,48,4,717,982,315,1085,School-Level CALPADS UPC Data,0
3833241,2018-2019,2070,1004,9,53,6,578,1021,325,1114,School-Level CALPADS UPC Data,
3833241,2023-2024,2037,1009,6,30,2,748,1027,336,1149,School-Level CALPADS UPC Data,0
3833241,2021-2022,1920,912,6,45,9,650,929,286,1023,School-Level CALPADS UPC Data,0
3833241,2020-2021,1991,943,3,51,8,673,970,309,1073,School-Level CALPADS UPC Data,0
3833241,2017-2018,2067,982,7,56,7,603,1031,338,1122,School-Level CALPADS UPC Data,
3833241,2016-2017,2072,1075,5,54,10,566,1097,361,1171,School-Level CALPADS UPC Data,
3833407,2019-2020,2871,928,1,52,4,496,941,60,970,School-Level CALPADS UPC Data,
3833407,2022-2023,2632,984,5,62,5,684,1034,122,1081,School-Level CALPADS UPC Data,0
3833407,2018-2019,2774,972,2,50,4,474,982,75,1023,School-Level CALPADS UPC Data,
3833407,2023-2024,2540,1048,3,47,3,665,1053,89,1091,School-Level CALPADS UPC Data,0
3833407,2021-2022,2652,922,6,51,6,617,933,91,968,School-Level CALPADS UPC Data,0
3833407,2020-2021,2786,915,3,52,5,539,936,54,956,School-Level CALPADS UPC Data,0
3833407,2017-2018,2731,910,1,46,4,490,963,61,989,School-Level CALPADS UPC Data,
3833407,2016-2017,2720,1030,4,46,2,442,1046,62,1065,School-Level CALPADS UPC Data,
3834082,2019-2020,1117,572,7,78,4,390,594,431,771,School-Level CALPADS UPC Data,
3834082,2022-2023,1041,577,14,78,4,454,607,400,752,School-Level CALPADS UPC Data,0
3834082,2018-2019,1099,632,16,74,8,409,649,389,777,School-Level CALPADS UPC Data,
3834082,2023-2024,1084,626,13,51,2,477,643,416,808,School-Level CALPADS UPC Data,0
3834082,2021-2022,1080,599,12,83,8,473,619,361,738,School-Level CALPADS UPC Data,0
3834082,2020-2021,1048,570,10,71,4,446,588,385,728,School-Level CALPADS UPC Data,0
3834082,2017-2018,1117,622,13,72,9,415,662,441,812,School-Level CALPADS UPC Data,
3834082,2016-2017,1076,585,11,84,8,375,612,430,740,School-Level CALPADS UPC Data,
3834769,2019-2020,509,383,4,70,7,210,386,143,410,School-Level CALPADS UPC Data,
3834769,2022-2023,506,366,2,76,7,258,386,149,413,School-Level CALPADS UPC Data,0
3834769,2018-2019,480,309,5,53,4,206,323,126,351,School-Level CALPADS UPC Data,
3834769,2023-2024,483,319,5,46,3,252,328,147,374,School-Level CALPADS UPC Data,0
3834769,2021-2022,530,351,3,70,10,276,366,166,402,School-Level CALPADS UPC Data,0
3834769,2020-2021,525,325,8,66,9,235,339,176,392,School-Level CALPADS UPC Data,0
3834769,2017-2018,475,277,7,58,5,210,315,120,353,School-Level CALPADS UPC Data,
3834769,2016-2017,372,208,10,50,9,163,229,77,251,School-Level CALPADS UPC Data,
3839081,2019-2020,2071,911,9,71,1,622,931,281,1020,School-Level CALPADS UPC Data,
3839081,2022-2023,2036,917,7,68,0,731,969,238,1036,School-Level CALPADS UPC Data,0
3839081,2018-2019,1995,963,8,71,1,621,984,315,1079,School-Level CALPADS UPC Data,
3839081,2023-2024,2008,997,6,41,0,720,1007,215,1055,School-Level CALPADS UPC Data,0
3839081,2021-2022,2068,947,13,51,0,731,957,242,1028,School-Level CALPADS UPC Data,0
3839081,2020-2021,2069,915,17,59,0,686,946,260,1030,School-Level CALPADS UPC Data,0
3839081,2017-2018,2002,1014,10,73,0,669,1088,315,1162,School-Level CALPADS UPC Data,
3839081,2016-2017,2010,1175,9,74,3,612,1197,326,1248,School-Level CALPADS UPC Data,
6040695,2019-2020,528,179,0,7,0,131,182,135,232,School-Level CALPADS UPC Data,
6040695,2022-2023,410,135,1,3,0,115,136,98,182,School-Level CALPADS UPC Data,0
6040695,2018-2019,529,190,1,4,0,130,196,151,255,School-Level CALPADS UPC Data,
6040695,2023-2024,393,163,1,2,0,103,163,81,199,School-Level CALPADS UPC Data,0
6040695,2021-2022,434,159,1,6,0,120,162,100,206,School-Level CALPADS UPC Data,0
6040695,2020-2021,519,186,1,8,0,150,190,119,235,School-Level CALPADS UPC Data,0
6040695,2017-2018,526,181,0,2,0,118,188,149,240,School-Level CALPADS UPC Data,
6040695,2016-2017,533,182,0,1,0,89,183,125,223,School-Level CALPADS UPC Data,
6040703,2019-2020,506,141,1,4,0,80,141,135,193,School-Level CALPADS UPC Data,
6040703,2022-2023,488,151,1,2,0,100,153,133,198,School-Level CALPADS UPC Data,0
6040703,2018-2019,515,132,1,1,3,62,133,146,199,School-Level CALPADS UPC Data,
6040703,2023-2024,518,155,0,1,0,102,156,135,207,School-Level CALPADS UPC Data,0
6040703,2021-2022,472,145,0,2,0,87,146,133,198,School-Level CALPADS UPC Data,0
6040703,2020-2021,507,144,2,4,0,100,148,130,195,School-Level CALPADS UPC Data,0
6040703,2017-2018,510,164,0,3,2,83,169,159,225,School-Level CALPADS UPC Data,
6040703,2016-2017,518,165,3,5,4,67,165,157,217,School-Level CALPADS UPC Data,
6040737,2019-2020,453,115,0,2,0,75,116,117,168,School-Level CALPADS UPC Data,
6040737,2022-2023,361,102,0,2,0,85,104,95,143,School-Level CALPADS UPC Data,0
6040737,2018-2019,433,107,0,2,0,67,108,111,155,School-Level CALPADS UPC Data,
6040737,2023-2024,368,124,1,0,0,98,126,80,157,School-Level CALPADS UPC Data,0
6040737,2021-2022,389,109,2,4,0,83,112,100,151,School-Level CALPADS UPC Data,0
6040737,2020-2021,429,111,2,4,0,74,115,101,158,School-Level CALPADS UPC Data,0
6040737,2017-2018,435,124,0,2,0,84,130,108,168,School-Level CALPADS UPC Data,
6040737,2016-2017,433,119,0,2,0,74,126,96,156,School-Level CALPADS UPC Data,
6040752,2019-2020,626,426,7,136,0,278,459,240,520,School-Level CALPADS UPC Data,
6040752,2022-2023,544,361,6,82,0,289,371,195,441,School-Level CALPADS UPC Data,0
6040752,2018-2019,625,460,3,132,0,275,480,242,529,School-Level CALPADS UPC Data,
6040752,2023-2024,557,372,5,60,0,302,384,181,447,School-Level CALPADS UPC Data,0
6040752,2021-2022,575,366,2,108,0,291,393,215,468,School-Level CALPADS UPC Data,0
6040752,2020-2021,609,382,4,132,0,295,416,231,500,School-Level CALPADS UPC Data,0
6040752,2017-2018,622,449,2,101,0,276,475,261,519,School-Level CALPADS UPC Data,
6040752,2016-2017,614,453,9,111,0,251,468,239,507,School-Level CALPADS UPC Data,
6040760,2019-2020,217,168,2,7,0,113,168,111,197,School-Level CALPADS UPC Data,
6040760,2022-2023,240,219,3,13,4,134,221,135,231,School-Level CALPADS UPC Data,0
6040760,2018-2019,186,168,1,9,0,105,169,78,174,School-Level CALPADS UPC Data,
6040760,2023-2024,247,214,3,16,3,121,216,136,233,School-Level CALPADS UPC Data,0
6040760,2021-2022,241,181,6,4,4,142,183,129,219,School-Level CALPADS UPC Data,0
6040760,2020-2021,239,170,1,7,2,130,174,131,212,School-Level CALPADS UPC Data,0
6040760,2017-2018,202,154,4,7,0,108,165,88,182,School-Level CALPADS UPC Data,
6040760,2016-2017,206,148,3,15,2,114,156,99,185,School-Level CALPADS UPC Data,
6040778,2019-2020,234,179,3,53,1,102,194,155,214,School-Level CALPADS UPC Data,
6040778,2022-2023,226,189,3,23,0,115,191,155,214,School-Level CALPADS UPC Data,0
6040778,2018-2019,223,172,0,26,2,104,178,145,204,School-Level CALPADS UPC Data,
6040778,2023-2024,240,209,0,11,0,119,214,156,231,School-Level CALPADS UPC Data,0
6040778,2021-2022,229,171,3,23,1,122,178,147,213,School-Level CALPADS UPC Data,0
6040778,2020-2021,229,164,2,31,1,117,171,148,209,School-Level CALPADS UPC Data,0
6040778,2017-2018,215,153,1,32,2,108,167,145,200,School-Level CALPADS UPC Data,
6040778,2016-2017,213,199,1,24,3,106,201,148,209,School-Level CALPADS UPC Data,
6040828,2019-2020,547,104,1,1,0,54,107,79,158,School-Level CALPADS UPC Data,
6040828,2022-2023,523,91,1,2,0,66,94,76,140,School-Level CALPADS UPC Data,0
6040828,2018-2019,555,123,1,0,0,62,123,79,176,School-Level CALPADS UPC Data,
6040828,2023-2024,529,136,0,1,0,66,136,66,173,School-Level CALPADS UPC Data,0
6040828,2021-2022,511,83,1,2,0,54,84,74,134,School-Level CALPADS UPC Data,0
6040828,2020-2021,546,68,1,0,0,45,68,69,122,School-Level CALPADS UPC Data,0
6040828,2017-2018,548,111,1,0,0,57,113,84,173,School-Level CALPADS UPC Data,
6040828,2016-2017,541,108,0,0,0,56,112,72,155,School-Level CALPADS UPC Data,
6040836,2019-2020,358,274,1,9,1,159,278,275,334,School-Level CALPADS UPC Data,
6040836,2022-2023,297,222,2,3,0,156,224,226,273,School-Level CALPADS UPC Data,0
6040836,2018-2019,346,266,2,9,1,154,269,265,325,School-Level CALPADS UPC Data,
6040836,2023-2024,306,216,3,5,0,150,220,227,278,School-Level CALPADS UPC Data,0
6040836,2021-2022,318,257,1,3,1,164,259,241,297,School-Level CALPADS UPC Data,0
6040836,2020-2021,361,281,0,8,1,167,282,278,338,School-Level CALPADS UPC Data,0
6040836,2017-2018,378,263,1,8,1,152,276,281,345,School-Level CALPADS UPC Data,
6040836,2016-2017,366,267,2,8,1,153,271,263,329,School-Level CALPADS UPC Data,
6040851,2019-2020,385,132,0,0,0,67,132,96,162,School-Level CALPADS UPC Data,
6040851,2022-2023,377,161,1,0,1,111,164,106,184,School-Level CALPADS UPC Data,0
6040851,2018-2019,390,128,0,0,0,69,128,112,171,School-Level CALPADS UPC Data,
6040851,2023-2024,381,173,1,0,1,110,173,92,196,School-Level CALPADS UPC Data,0
6040851,2021-2022,371,130,1,0,1,99,131,91,159,School-Level CALPADS UPC Data,0
6040851,2020-2021,381,125,0,0,1,86,126,91,158,School-Level CALPADS UPC Data,0
6040851,2017-2018,389,147,1,2,0,78,151,124,185,School-Level CALPADS UPC Data,
6040851,2016-2017,394,160,2,2,0,65,161,124,187,School-Level CALPADS UPC Data,
6040877,2019-2020,708,575,0,126,0,370,589,494,652,School-Level CALPADS UPC Data,
6040877,2022-2023,644,569,1,147,0,445,578,422,612,School-Level CALPADS UPC Data,0
6040877,2018-2019,695,557,0,76,0,372,567,479,638,School-Level CALPADS UPC Data,
6040877,2023-2024,649,533,2,99,0,418,535,371,595,School-Level CALPADS UPC Data,0
6040877,2021-2022,686,595,3,187,0,454,613,420,645,School-Level CALPADS UPC Data,0
6040877,2020-2021,744,653,0,37,0,446,656,429,697,School-Level CALPADS UPC Data,0
6040877,2017-2018,635,473,0,7,0,348,494,462,580,School-Level CALPADS UPC Data,
6040877,2016-2017,679,566,0,6,0,340,570,472,625,School-Level CALPADS UPC Data,
6040893,2019-2020,342,130,2,6,1,96,134,93,164,School-Level CALPADS UPC Data,
6040893,2022-2023,346,113,0,2,0,94,119,98,156,School-Level CALPADS UPC Data,0
6040893,2018-2019,326,141,1,8,1,99,144,88,165,School-Level CALPADS UPC Data,
6040893,2023-2024,356,110,2,1,0,92,112,82,146,School-Level CALPADS UPC Data,0
6040893,2021-2022,341,125,1,4,0,101,131,101,167,School-Level CALPADS UPC Data,0
6040893,2020-2021,345,118,0,6,0,86,125,98,159,School-Level CALPADS UPC Data,0
6040893,2017-2018,317,146,4,10,1,101,151,94,178,School-Level CALPADS UPC Data,
6040893,2016-2017,287,143,2,8,2,85,144,84,160,School-Level CALPADS UPC Data,
6040919,2019-2020,224,60,2,8,0,35,61,13,67,School-Level CALPADS UPC Data,
6040919,2022-2023,169,47,1,3,0,38,47,7,51,School-Level CALPADS UPC Data,0
6040919,2018-2019,221,69,3,5,0,43,69,21,83,School-Level CALPADS UPC Data,
6040919,2023-2024,154,48,0,1,0,29,48,5,52,School-Level CALPADS UPC Data,0
6040919,2021-2022,187,49,1,6,0,35,51,8,54,School-Level CALPADS UPC Data,0
6040919,2020-2021,228,51,3,7,0,39,51,10,57,School-Level CALPADS UPC Data,0
6040919,2017-2018,218,80,0,8,0,49,83,24,96,School-Level CALPADS UPC Data,
6040919,2016-2017,228,82,3,3,0,44,83,21,97,School-Level CALPADS UPC Data,
6040943,2019-2020,651,486,2,12,4,308,492,434,578,School-Level CALPADS UPC Data,
6040943,2022-2023,589,499,0,6,1,353,502,391,538,School-Level CALPADS UPC Data,0
6040943,2018-2019,646,524,4,13,5,306,527,411,588,School-Level CALPADS UPC Data,
6040943,2023-2024,588,457,0,2,0,326,462,352,515,School-Level CALPADS UPC Data,0
6040943,2021-2022,610,431,3,9,4,341,436,411,533,School-Level CALPADS UPC Data,0
6040943,2020-2021,639,443,2,11,4,331,454,408,554,School-Level CALPADS UPC Data,0
6040943,2017-2018,625,456,2,8,3,292,478,416,561,School-Level CALPADS UPC Data,
6040943,2016-2017,660,505,4,5,6,259,508,421,590,School-Level CALPADS UPC Data,
6040950,2019-2020,157,130,2,5,0,86,131,47,140,School-Level CALPADS UPC Data,
6040950,2022-2023,135,97,0,2,0,83,99,54,113,School-Level CALPADS UPC Data,0
6040950,2018-2019,169,130,3,5,0,85,132,46,144,School-Level CALPADS UPC Data,
6040950,2023-2024,123,84,3,3,0,74,86,39,97,School-Level CALPADS UPC Data,0
6040950,2021-2022,125,87,0,0,0,77,91,36,103,School-Level CALPADS UPC Data,0
6040950,2020-2021,143,105,2,1,1,80,105,44,118,School-Level CALPADS UPC Data,0
6040950,2017-2018,207,162,1,7,0,118,174,65,187,School-Level CALPADS UPC Data,
6040950,2016-2017,214,147,3,9,0,115,152,70,173,School-Level CALPADS UPC Data,
6040968,2019-2020,136,81,0,16,0,63,85,22,97,School-Level CALPADS UPC Data,
6040968,2022-2023,136,98,1,13,0,78,102,22,109,School-Level CALPADS UPC Data,0
6040968,2018-2019,152,112,1,9,0,69,114,20,118,School-Level CALPADS UPC Data,
6040968,2023-2024,137,90,1,9,0,71,91,23,97,School-Level CALPADS UPC Data,0
6040968,2021-2022,132,92,0,10,0,73,96,16,101,School-Level CALPADS UPC Data,0
6040968,2020-2021,141,88,0,14,0,76,94,19,101,School-Level CALPADS UPC Data,0
6040968,2017-2018,126,76,2,13,0,57,85,14,90,School-Level CALPADS UPC Data,
6040968,2016-2017,119,90,1,16,0,60,90,14,94,School-Level CALPADS UPC Data,
6040984,2019-2020,355,197,4,8,2,94,201,141,224,School-Level CALPADS UPC Data,
6040984,2022-2023,337,189,0,6,2,105,190,141,203,School-Level CALPADS UPC Data,0
6040984,2018-2019,366,219,2,8,9,100,222,167,243,School-Level CALPADS UPC Data,
6040984,2023-2024,381,219,1,5,2,107,221,148,248,School-Level CALPADS UPC Data,0
6040984,2021-2022,333,191,0,9,5,110,195,152,214,School-Level CALPADS UPC Data,0
6040984,2020-2021,365,169,4,11,2,101,170,153,211,School-Level CALPADS UPC Data,0
6040984,2017-2018,374,256,1,6,16,110,257,182,274,School-Level CALPADS UPC Data,
6040984,2016-2017,375,231,3,5,21,98,233,176,256,School-Level CALPADS UPC Data,
6041008,2019-2020,550,158,1,1,0,87,160,139,217,School-Level CALPADS UPC Data,
6041008,2022-2023,568,158,2,2,0,114,160,98,202,School-Level CALPADS UPC Data,0
6041008,2018-2019,551,196,2,1,0,108,196,159,263,School-Level CALPADS UPC Data,
6041008,2023-2024,562,146,4,1,0,111,148,90,185,School-Level CALPADS UPC Data,0
6041008,2021-2022,543,148,1,2,0,109,150,106,200,School-Level CALPADS UPC Data,0
6041008,2020-2021,551,152,1,3,0,102,158,114,203,School-Level CALPADS UPC Data,0
6041008,2017-2018,553,192,0,2,0,118,207,169,265,School-Level CALPADS UPC Data,
6041008,2016-2017,555,213,2,0,0,91,218,166,266,School-Level CALPADS UPC Data,
6041016,2019-2020,225,100,0,2,0,56,104,66,119,School-Level CALPADS UPC Data,
6041016,2022-2023,215,71,2,1,0,59,71,31,78,School-Level CALPADS UPC Data,0
6041016,2018-2019,220,115,0,1,0,72,116,83,141,School-Level CALPADS UPC Data,
6041016,2023-2024,242,75,2,0,0,59,77,32,94,School-Level CALPADS UPC Data,0
6041016,2021-2022,188,68,0,3,0,53,69,46,83,School-Level CALPADS UPC Data,0
6041016,2020-2021,233,90,1,2,0,62,91,62,110,School-Level CALPADS UPC Data,0
6041016,2017-2018,214,112,0,0,0,59,113,87,145,School-Level CALPADS UPC Data,
6041016,2016-2017,213,138,0,4,0,66,139,96,162,School-Level CALPADS UPC Data,
6041040,2019-2020,215,110,1,3,0,61,111,75,135,School-Level CALPADS UPC Data,
6041040,2022-2023,194,96,1,4,0,70,99,75,124,School-Level CALPADS UPC Data,0
6041040,2018-2019,228,116,2,5,0,74,120,87,146,School-Level CALPADS UPC Data,
6041040,2023-2024,191,94,3,0,0,68,96,67,118,School-Level CALPADS UPC Data,0
6041040,2021-2022,196,87,0,4,0,64,88,70,111,School-Level CALPADS UPC Data,0
6041040,2020-2021,212,94,0,3,0,69,94,69,123,School-Level CALPADS UPC Data,0
6041040,2017-2018,218,113,0,5,0,73,120,92,150,School-Level CALPADS UPC Data,
6041040,2016-2017,221,115,0,10,1,69,121,67,140,School-Level CALPADS UPC Data,
6041065,2019-2020,277,54,0,0,0,25,54,36,70,School-Level CALPADS UPC Data,
6041065,2022-2023,269,55,0,2,0,36,55,36,71,School-Level CALPADS UPC Data,0
6041065,2018-2019,271,56,0,0,0,23,57,40,76,School-Level CALPADS UPC Data,
6041065,2023-2024,270,50,0,1,0,38,51,37,69,School-Level CALPADS UPC Data,0
6041065,2021-2022,272,66,0,2,0,48,67,40,82,School-Level CALPADS UPC Data,0
6041065,2020-2021,273,59,0,0,0,38,60,32,72,School-Level CALPADS UPC Data,0
6041065,2017-2018,270,57,0,0,0,23,60,41,75,School-Level CALPADS UPC Data,
6041065,2016-2017,276,50,0,0,0,27,53,41,69,School-Level CALPADS UPC Data,
6041073,2019-2020,364,184,1,6,0,92,185,125,207,School-Level CALPADS UPC Data,
6041073,2022-2023,308,148,4,1,0,91,150,96,169,School-Level CALPADS UPC Data,0
6041073,2018-2019,363,186,4,5,1,92,188,122,214,School-Level CALPADS UPC Data,
6041073,2023-2024,321,194,2,1,0,95,195,100,213,School-Level CALPADS UPC Data,0
6041073,2021-2022,313,153,3,2,0,87,153,105,183,School-Level CALPADS UPC Data,0
6041073,2020-2021,348,141,2,5,0,95,145,115,183,School-Level CALPADS UPC Data,0
6041073,2017-2018,369,186,0,4,1,109,197,126,214,School-Level CALPADS UPC Data,
6041073,2016-2017,352,217,5,5,1,103,217,127,227,School-Level CALPADS UPC Data,
6041115,2019-2020,395,49,2,0,0,27,50,28,68,School-Level CALPADS UPC Data,
6041115,2022-2023,376,51,0,3,0,43,51,19,64,School-Level CALPADS UPC Data,0
6041115,2018-2019,387,60,3,0,0,36,61,46,95,School-Level CALPADS UPC Data,
6041115,2023-2024,384,53,0,3,0,43,56,11,60,School-Level CALPADS UPC Data,0
6041115,2021-2022,357,40,0,1,0,36,42,14,52,School-Level CALPADS UPC Data,0
6041115,2020-2021,384,51,1,2,0,33,54,19,65,School-Level CALPADS UPC Data,0
6041115,2017-2018,390,70,0,0,0,32,71,31,90,School-Level CALPADS UPC Data,
6041115,2016-2017,397,63,0,2,0,37,64,38,85,School-Level CALPADS UPC Data,
6041123,2019-2020,370,226,5,3,0,145,227,221,299,School-Level CALPADS UPC Data,
6041123,2022-2023,278,223,2,9,0,151,225,171,260,School-Level CALPADS UPC Data,0
6041123,2018-2019,387,293,1,4,0,159,295,227,342,School-Level CALPADS UPC Data,
6041123,2023-2024,279,223,0,7,0,126,223,174,250,School-Level CALPADS UPC Data,0
6041123,2021-2022,299,214,1,4,0,151,217,183,264,School-Level CALPADS UPC Data,0
6041123,2020-2021,349,236,3,9,0,155,240,199,299,School-Level CALPADS UPC Data,0
6041123,2017-2018,394,309,7,10,1,168,320,257,359,School-Level CALPADS UPC Data,
6041123,2016-2017,402,289,6,15,1,163,301,245,348,School-Level CALPADS UPC Data,
6041131,2019-2020,240,83,0,4,0,61,83,56,103,School-Level CALPADS UPC Data,
6041131,2022-2023,209,74,4,0,0,65,74,43,91,School-Level CALPADS UPC Data,0
6041131,2018-2019,239,88,0,4,0,52,88,64,115,School-Level CALPADS UPC Data,
6041131,2023-2024,199,82,2,0,0,58,82,42,97,School-Level CALPADS UPC Data,0
6041131,2021-2022,215,84,1,2,0,65,85,37,96,School-Level CALPADS UPC Data,0
6041131,2020-2021,239,87,2,3,0,71,89,45,104,School-Level CALPADS UPC Data,0
6041131,2017-2018,240,91,0,0,0,48,92,63,115,School-Level CALPADS UPC Data,
6041131,2016-2017,256,93,0,2,0,54,97,76,123,School-Level CALPADS UPC Data,
6041149,2019-2020,447,327,3,36,1,188,334,302,405,School-Level CALPADS UPC Data,
6041149,2022-2023,423,302,4,15,0,194,309,291,378,School-Level CALPADS UPC Data,0
6041149,2018-2019,434,320,3,44,2,215,332,287,394,School-Level CALPADS UPC Data,
6041149,2023-2024,411,258,1,9,0,184,262,295,371,School-Level CALPADS UPC Data,0
6041149,2021-2022,427,279,4,20,0,189,287,300,376,School-Level CALPADS UPC Data,0
6041149,2020-2021,424,258,3,32,0,191,269,287,363,School-Level CALPADS UPC Data,0
6041149,2017-2018,411,318,4,41,2,200,337,304,390,School-Level CALPADS UPC Data,
6041149,2016-2017,434,354,5,48,5,199,358,337,414,School-Level CALPADS UPC Data,
6041156,2019-2020,415,308,6,75,0,179,324,256,369,School-Level CALPADS UPC Data,
6041156,2022-2023,336,278,1,91,0,180,286,194,305,School-Level CALPADS UPC Data,0
6041156,2018-2019,420,344,1,82,1,208,355,249,384,School-Level CALPADS UPC Data,
6041156,2023-2024,328,271,2,50,0,153,272,197,300,School-Level CALPADS UPC Data,0
6041156,2021-2022,372,322,0,124,0,203,336,205,347,School-Level CALPADS UPC Data,0
6041156,2020-2021,396,335,3,124,0,209,353,232,370,School-Level CALPADS UPC Data,0
6041156,2017-2018,435,338,3,15,1,224,359,253,392,School-Level CALPADS UPC Data,
6041156,2016-2017,448,369,4,15,1,198,374,254,407,School-Level CALPADS UPC Data,
6041206,2019-2020,216,187,0,34,0,140,190,116,203,School-Level CALPADS UPC Data,
6041206,2022-2023,149,128,2,36,0,106,131,82,139,School-Level CALPADS UPC Data,0
6041206,2018-2019,227,199,1,46,0,140,202,152,217,School-Level CALPADS UPC Data,
6041206,2023-2024,125,101,0,17,0,70,101,57,106,School-Level CALPADS UPC Data,0
6041206,2021-2022,168,154,0,30,0,125,154,95,162,School-Level CALPADS UPC Data,0
6041206,2020-2021,205,172,0,50,0,131,174,118,186,School-Level CALPADS UPC Data,0
6041206,2017-2018,222,179,0,46,0,144,188,158,207,School-Level CALPADS UPC Data,
6041206,2016-2017,237,197,0,30,0,127,198,162,218,School-Level CALPADS UPC Data,
6041230,2019-2020,509,135,0,4,0,79,142,129,201,School-Level CALPADS UPC Data,
6041230,2022-2023,490,155,0,1,0,119,161,141,221,School-Level CALPADS UPC Data,0
6041230,2018-2019,490,152,1,2,0,74,154,131,213,School-Level CALPADS UPC Data,
6041230,2023-2024,502,178,1,1,0,129,178,139,225,School-Level CALPADS UPC Data,0
6041230,2021-2022,486,154,0,2,0,116,157,117,202,School-Level CALPADS UPC Data,0
6041230,2020-2021,509,153,0,2,0,105,154,118,204,School-Level CALPADS UPC Data,0
6041230,2017-2018,502,153,0,1,0,74,162,144,210,School-Level CALPADS UPC Data,
6041230,2016-2017,512,171,2,0,0,72,175,159,229,School-Level CALPADS UPC Data,
6041255,2019-2020,239,156,3,33,3,115,165,103,199,School-Level CALPADS UPC Data,
6041255,2022-2023,214,159,2,16,0,111,160,103,182,School-Level CALPADS UPC Data,0
6041255,2018-2019,225,186,1,36,2,110,189,94,211,School-Level CALPADS UPC Data,
6041255,2023-2024,226,167,1,9,0,120,173,123,197,School-Level CALPADS UPC Data,0
6041255,2021-2022,225,172,3,19,2,124,176,96,185,School-Level CALPADS UPC Data,0
6041255,2020-2021,241,159,2,28,4,131,169,104,200,School-Level CALPADS UPC Data,0
6041255,2017-2018,243,139,1,35,2,119,162,103,207,School-Level CALPADS UPC Data,
6041255,2016-2017,246,174,4,38,3,124,180,81,199,School-Level CALPADS UPC Data,
6041271,2019-2020,398,187,0,3,0,110,188,140,228,School-Level CALPADS UPC Data,
6041271,2022-2023,371,190,3,5,0,140,192,149,232,School-Level CALPADS UPC Data,0
6041271,2018-2019,399,197,0,1,0,107,197,162,251,School-Level CALPADS UPC Data,
6041271,2023-2024,374,211,0,4,0,130,211,165,255,School-Level CALPADS UPC Data,0
6041271,2021-2022,365,182,2,1,0,126,182,151,237,School-Level CALPADS UPC Data,0
6041271,2020-2021,386,157,0,2,0,118,159,147,223,School-Level CALPADS UPC Data,0
6041271,2017-2018,396,193,2,3,0,118,199,148,252,School-Level CALPADS UPC Data,
6041271,2016-2017,408,187,4,7,0,116,191,145,239,School-Level CALPADS UPC Data,
6041289,2019-2020,289,203,1,4,2,119,204,157,238,School-Level CALPADS UPC Data,
6041289,2022-2023,253,176,1,5,1,114,178,140,209,School-Level CALPADS UPC Data,0
6041289,2018-2019,286,216,0,4,2,122,216,163,248,School-Level CALPADS UPC Data,
6041289,2023-2024,260,173,2,2,1,116,173,140,209,School-Level CALPADS UPC Data,0
6041289,2021-2022,267,171,1,3,2,112,171,135,209,School-Level CALPADS UPC Data,0
6041289,2020-2021,292,195,2,3,2,129,196,138,232,School-Level CALPADS UPC Data,0
6041289,2017-2018,269,190,0,5,0,120,200,155,237,School-Level CALPADS UPC Data,
6041289,2016-2017,284,242,0,5,1,126,246,156,258,School-Level CALPADS UPC Data,
6041305,2019-2020,532,152,0,1,0,77,152,106,190,School-Level CALPADS UPC Data,
6041305,2022-2023,502,158,3,2,0,124,162,83,197,School-Level CALPADS UPC Data,0
6041305,2018-2019,540,166,0,2,0,81,166,132,222,School-Level CALPADS UPC Data,
6041305,2023-2024,474,134,2,1,0,99,134,65,162,School-Level CALPADS UPC Data,0
6041305,2021-2022,489,151,1,3,0,109,153,78,186,School-Level CALPADS UPC Data,0
6041305,2020-2021,519,139,0,3,0,99,140,88,174,School-Level CALPADS UPC Data,0
6041305,2017-2018,536,168,1,2,0,93,173,129,220,School-Level CALPADS UPC Data,
6041305,2016-2017,548,184,2,3,1,95,191,139,236,School-Level CALPADS UPC Data,
6041321,2019-2020,487,238,4,18,0,171,244,99,276,School-Level CALPADS UPC Data,
6041321,2022-2023,402,235,6,8,0,184,235,74,245,School-Level CALPADS UPC Data,0
6041321,2018-2019,484,242,8,14,0,154,246,110,279,School-Level CALPADS UPC Data,
6041321,2023-2024,421,268,4,5,0,190,268,69,275,School-Level CALPADS UPC Data,0
6041321,2021-2022,427,247,1,12,0,180,248,100,267,School-Level CALPADS UPC Data,0
6041321,2020-2021,466,231,1,15,0,176,236,95,268,School-Level CALPADS UPC Data,0
6041321,2017-2018,472,243,2,8,0,150,252,119,285,School-Level CALPADS UPC Data,
6041321,2016-2017,473,263,5,8,0,152,269,124,297,School-Level CALPADS UPC Data,
6041339,2019-2020,598,273,1,2,1,135,275,132,316,School-Level CALPADS UPC Data,
6041339,2022-2023,597,281,3,3,0,185,285,160,331,School-Level CALPADS UPC Data,0
6041339,2018-2019,593,282,0,3,2,134,284,141,325,School-Level CALPADS UPC Data,
6041339,2023-2024,601,345,3,3,0,181,345,104,363,School-Level CALPADS UPC Data,0
6041339,2021-2022,597,268,0,2,1,168,271,158,317,School-Level CALPADS UPC Data,0
6041339,2020-2021,602,273,0,2,1,160,273,143,319,School-Level CALPADS UPC Data,0
6041339,2017-2018,601,275,1,4,2,130,282,147,327,School-Level CALPADS UPC Data,
6041339,2016-2017,594,285,1,3,2,105,288,159,335,School-Level CALPADS UPC Data,
6041347,2019-2020,440,264,1,17,0,173,265,187,309,School-Level CALPADS UPC Data,
6041347,2022-2023,416,225,2,18,0,174,228,173,275,School-Level CALPADS UPC Data,0
6041347,2018-2019,432,271,3,20,3,175,276,185,314,School-Level CALPADS UPC Data,
6041347,2023-2024,383,213,2,10,0,144,216,156,251,School-Level CALPADS UPC Data,0
6041347,2021-2022,426,239,2,8,0,176,242,173,280,School-Level CALPADS UPC Data,0
6041347,2020-2021,425,237,1,15,0,178,239,164,280,School-Level CALPADS UPC Data,0
6041347,2017-2018,409,261,6,18,2,176,272,189,318,School-Level CALPADS UPC Data,
6041347,2016-2017,448,307,11,18,2,176,309,198,346,School-Level CALPADS UPC Data,
6041362,2019-2020,511,325,0,7,0,181,327,263,397,School-Level CALPADS UPC Data,
6041362,2022-2023,451,282,1,2,0,192,287,240,352,School-Level CALPADS UPC Data,0
6041362,2018-2019,520,346,2,10,0,204,348,265,415,School-Level CALPADS UPC Data,
6041362,2023-2024,454,251,1,5,0,187,256,226,342,School-Level CALPADS UPC Data,0
6041362,2021-2022,470,263,0,3,0,189,267,227,344,School-Level CALPADS UPC Data,0
6041362,2020-2021,499,285,0,5,0,187,289,229,360,School-Level CALPADS UPC Data,0
6041362,2017-2018,542,318,4,17,0,215,330,308,421,School-Level CALPADS UPC Data,
6041362,2016-2017,559,400,2,25,0,203,407,312,465,School-Level CALPADS UPC Data,
6041412,2019-2020,243,160,0,52,1,80,169,152,185,School-Level CALPADS UPC Data,
6041412,2022-2023,233,197,1,47,1,116,198,167,207,School-Level CALPADS UPC Data,0
6041412,2018-2019,247,167,1,13,3,79,169,164,199,School-Level CALPADS UPC Data,
6041412,2023-2024,247,206,5,29,1,108,206,176,222,School-Level CALPADS UPC Data,0
6041412,2021-2022,233,167,1,35,3,95,173,151,192,School-Level CALPADS UPC Data,0
6041412,2020-2021,242,173,0,43,1,99,178,153,196,School-Level CALPADS UPC Data,0
6041412,2017-2018,262,170,0,24,6,83,181,180,207,School-Level CALPADS UPC Data,
6041412,2016-2017,259,206,0,18,6,85,208,178,217,School-Level CALPADS UPC Data,
6041420,2019-2020,378,80,1,1,0,53,81,32,92,School-Level CALPADS UPC Data,
6041420,2022-2023,253,61,1,4,0,49,64,18,73,School-Level CALPADS UPC Data,0
6041420,2018-2019,383,79,0,2,0,46,81,42,107,School-Level CALPADS UPC Data,
6041420,2023-2024,247,71,1,5,0,50,73,23,87,School-Level CALPADS UPC Data,0
6041420,2021-2022,277,60,0,4,0,51,65,18,73,School-Level CALPADS UPC Data,0
6041420,2020-2021,344,80,1,3,0,59,85,18,90,School-Level CALPADS UPC Data,0
6041420,2017-2018,377,88,1,2,0,50,91,27,101,School-Level CALPADS UPC Data,
6041420,2016-2017,385,88,1,2,0,53,91,31,106,School-Level CALPADS UPC Data,
6041438,2019-2020,378,59,1,2,0,26,59,14,64,School-Level CALPADS UPC Data,
6041438,2022-2023,351,57,0,3,0,45,58,26,68,School-Level CALPADS UPC Data,0
6041438,2018-2019,391,58,0,1,0,28,58,33,80,School-Level CALPADS UPC Data,
6041438,2023-2024,350,109,0,2,0,43,111,23,119,School-Level CALPADS UPC Data,0
6041438,2021-2022,333,63,1,3,0,40,64,15,69,School-Level CALPADS UPC Data,0
6041438,2020-2021,368,52,1,2,0,33,52,16,58,School-Level CALPADS UPC Data,0
6041438,2017-2018,391,67,0,1,0,25,68,19,79,School-Level CALPADS UPC Data,
6041438,2016-2017,389,55,1,3,0,22,56,15,63,School-Level CALPADS UPC Data,
6041446,2019-2020,531,379,1,7,1,232,380,347,457,School-Level CALPADS UPC Data,
6041446,2022-2023,528,398,2,11,1,273,402,316,444,School-Level CALPADS UPC Data,0
6041446,2018-2019,528,377,1,5,2,221,383,338,448,School-Level CALPADS UPC Data,
6041446,2023-2024,522,410,0,5,1,262,413,275,446,School-Level CALPADS UPC Data,0
6041446,2021-2022,507,386,1,4,1,267,390,311,441,School-Level CALPADS UPC Data,0
6041446,2020-2021,537,386,2,7,1,251,391,328,454,School-Level CALPADS UPC Data,0
6041446,2017-2018,525,370,1,5,2,224,384,362,444,School-Level CALPADS UPC Data,
6041446,2016-2017,553,372,0,7,2,215,381,367,454,School-Level CALPADS UPC Data,
6041487,2019-2020,469,341,7,32,2,216,348,269,416,School-Level CALPADS UPC Data,
6041487,2022-2023,459,354,4,31,2,255,362,275,416,School-Level CALPADS UPC Data,0
6041487,2018-2019,477,389,8,33,2,219,396,247,432,School-Level CALPADS UPC Data,
6041487,2023-2024,463,311,3,18,0,225,316,263,398,School-Level CALPADS UPC Data,0
6041487,2021-2022,438,344,3,19,5,244,347,251,394,School-Level CALPADS UPC Data,0
6041487,2020-2021,461,332,3,26,2,226,336,263,404,School-Level CALPADS UPC Data,0
6041487,2017-2018,467,357,3,36,1,221,367,237,405,School-Level CALPADS UPC Data,
6041487,2016-2017,456,312,3,28,3,200,324,220,371,School-Level CALPADS UPC Data,
6041503,2019-2020,460,235,5,15,0,157,238,102,269,School-Level CALPADS UPC Data,
6041503,2022-2023,385,204,4,16,0,164,211,71,233,School-Level CALPADS UPC Data,0
6041503,2018-2019,476,236,3,11,0,132,240,114,276,School-Level CALPADS UPC Data,
6041503,2023-2024,344,220,11,9,0,144,223,78,238,School-Level CALPADS UPC Data,0
6041503,2021-2022,380,219,6,8,0,147,223,72,235,School-Level CALPADS UPC Data,0
6041503,2020-2021,422,202,8,14,0,155,205,81,230,School-Level CALPADS UPC Data,0
6041503,2017-2018,487,263,2,17,0,143,271,137,306,School-Level CALPADS UPC Data,
6041503,2016-2017,483,256,4,15,0,142,258,141,301,School-Level CALPADS UPC Data,
6041511,2019-2020,250,150,0,11,0,102,155,108,182,School-Level CALPADS UPC Data,
6041511,2022-2023,230,139,2,5,1,109,143,100,171,School-Level CALPADS UPC Data,0
6041511,2018-2019,240,165,1,12,0,107,168,104,191,School-Level CALPADS UPC Data,
6041511,2023-2024,246,156,0,3,1,119,160,113,193,School-Level CALPADS UPC Data,0
6041511,2021-2022,244,153,1,5,1,119,155,96,182,School-Level CALPADS UPC Data,0
6041511,2020-2021,256,155,0,10,1,117,158,105,188,School-Level CALPADS UPC Data,0
6041511,2017-2018,225,151,0,16,0,97,159,110,181,School-Level CALPADS UPC Data,
6041511,2016-2017,253,188,0,31,0,116,194,125,212,School-Level CALPADS UPC Data,
6041529,2019-2020,501,246,0,4,0,135,247,180,308,School-Level CALPADS UPC Data,
6041529,2022-2023,437,182,0,1,0,135,188,138,235,School-Level CALPADS UPC Data,0
6041529,2018-2019,489,233,0,4,0,116,234,175,302,School-Level CALPADS UPC Data,
6041529,2023-2024,438,186,0,1,0,132,187,116,229,School-Level CALPADS UPC Data,0
6041529,2021-2022,449,221,1,1,0,130,223,132,264,School-Level CALPADS UPC Data,0
6041529,2020-2021,487,216,1,4,0,141,217,158,284,School-Level CALPADS UPC Data,0
6041529,2017-2018,500,249,0,5,0,129,256,209,323,School-Level CALPADS UPC Data,
6041529,2016-2017,499,263,0,4,0,100,265,212,318,School-Level CALPADS UPC Data,
6041545,2019-2020,294,220,1,15,2,122,222,204,264,School-Level CALPADS UPC Data,
6041545,2022-2023,262,206,11,14,3,151,210,161,236,School-Level CALPADS UPC Data,0
6041545,2018-2019,271,209,2,11,4,114,212,188,241,School-Level CALPADS UPC Data,
6041545,2023-2024,275,234,4,8,1,144,238,150,250,School-Level CALPADS UPC Data,0
6041545,2021-2022,277,213,9,9,3,150,216,175,245,School-Level CALPADS UPC Data,0
6041545,2020-2021,276,198,2,9,4,132,198,190,245,School-Level CALPADS UPC Data,0
6041545,2017-2018,259,185,0,12,3,112,195,194,237,School-Level CALPADS UPC Data,
6041545,2016-2017,246,166,1,13,5,108,177,180,224,School-Level CALPADS UPC Data,
6041560,2019-2020,222,143,5,6,0,85,144,77,167,School-Level CALPADS UPC Data,
6041560,2022-2023,183,138,1,2,0,97,140,61,154,School-Level CALPADS UPC Data,0
6041560,2018-2019,229,153,2,7,0,81,154,67,173,School-Level CALPADS UPC Data,
6041560,2023-2024,190,153,1,1,0,91,154,72,164,School-Level CALPADS UPC Data,0
6041560,2021-2022,192,142,3,2,0,97,143,69,159,School-Level CALPADS UPC Data,0
6041560,2020-2021,211,143,3,5,0,97,145,72,167,School-Level CALPADS UPC Data,0
6041560,2017-2018,202,92,2,4,0,82,104,60,126,School-Level CALPADS UPC Data,
6041560,2016-2017,212,163,1,5,0,77,163,88,182,School-Level CALPADS UPC Data,
6041578,2019-2020,355,118,1,1,0,60,119,77,153,School-Level CALPADS UPC Data,
6041578,2022-2023,287,111,3,3,1,91,111,61,132,School-Level CALPADS UPC Data,0
6041578,2018-2019,387,132,1,1,0,68,132,82,166,School-Level CALPADS UPC Data,
6041578,2023-2024,282,114,2,2,1,76,114,59,130,School-Level CALPADS UPC Data,0
6041578,2021-2022,285,103,2,2,1,87,104,58,120,School-Level CALPADS UPC Data,0
6041578,2020-2021,347,108,2,2,0,75,108,63,134,School-Level CALPADS UPC Data,0
6041578,2017-2018,374,121,0,4,0,67,131,78,159,School-Level CALPADS UPC Data,
6041578,2016-2017,379,143,1,6,0,63,146,80,170,School-Level CALPADS UPC Data,
6041586,2019-2020,103,91,1,2,0,76,92,10,95,School-Level CALPADS UPC Data,
6041586,2022-2023,102,88,1,2,0,73,89,6,90,School-Level CALPADS UPC Data,0
6041586,2018-2019,108,94,0,7,0,73,96,11,100,School-Level CALPADS UPC Data,
6041586,2023-2024,105,80,5,2,0,75,85,8,89,School-Level CALPADS UPC Data,0
6041586,2021-2022,98,90,1,1,0,68,91,7,92,School-Level CALPADS UPC Data,0
6041586,2020-2021,106,86,1,1,0,70,86,6,88,School-Level CALPADS UPC Data,0
6041586,2017-2018,87,71,3,6,0,64,76,8,77,School-Level CALPADS UPC Data,
6041586,2016-2017,86,76,2,4,0,65,77,9,79,School-Level CALPADS UPC Data,
6041594,2019-2020,292,209,1,8,0,121,211,202,255,School-Level CALPADS UPC Data,
6041594,2022-2023,228,165,0,3,0,104,169,144,198,School-Level CALPADS UPC Data,0
6041594,2018-2019,327,255,2,13,2,134,257,251,301,School-Level CALPADS UPC Data,
6041594,2023-2024,214,150,1,1,0,92,152,119,187,School-Level CALPADS UPC Data,0
6041594,2021-2022,241,185,1,5,2,114,186,156,206,School-Level CALPADS UPC Data,0
6041594,2020-2021,274,189,0,7,1,119,191,174,228,School-Level CALPADS UPC Data,0
6041594,2017-2018,345,242,0,13,2,164,252,266,312,School-Level CALPADS UPC Data,
6041594,2016-2017,342,277,0,9,0,153,277,255,308,School-Level CALPADS UPC Data,
6041602,2019-2020,348,146,3,9,2,105,150,71,181,School-Level CALPADS UPC Data,
6041602,2022-2023,322,128,1,3,0,96,132,95,175,School-Level CALPADS UPC Data,0
6041602,2018-2019,331,141,5,10,2,94,144,68,176,School-Level CALPADS UPC Data,
6041602,2023-2024,335,134,1,3,0,90,134,74,157,School-Level CALPADS UPC Data,0
6041602,2021-2022,312,124,1,5,0,96,127,72,162,School-Level CALPADS UPC Data,0
6041602,2020-2021,348,134,1,9,1,104,138,69,173,School-Level CALPADS UPC Data,0
6041602,2017-2018,323,150,3,10,2,103,153,81,184,School-Level CALPADS UPC Data,
6041602,2016-2017,313,168,5,8,2,100,171,79,191,School-Level CALPADS UPC Data,
6041610,2019-2020,376,83,0,3,0,44,86,26,98,School-Level CALPADS UPC Data,
6041610,2022-2023,327,98,0,0,0,79,101,38,114,School-Level CALPADS UPC Data,0
6041610,2018-2019,383,94,0,2,0,38,95,51,126,School-Level CALPADS UPC Data,
6041610,2023-2024,350,101,1,0,0,85,103,37,115,School-Level CALPADS UPC Data,0
6041610,2021-2022,337,106,0,0,0,67,106,37,117,School-Level CALPADS UPC Data,0
6041610,2020-2021,373,89,0,0,0,68,90,32,103,School-Level CALPADS UPC Data,0
6041610,2017-2018,390,104,0,3,0,50,108,40,122,School-Level CALPADS UPC Data,
6041610,2016-2017,388,101,0,4,0,46,106,38,122,School-Level CALPADS UPC Data,
6041644,2019-2020,257,164,0,3,0,97,166,158,200,School-Level CALPADS UPC Data,
6041644,2022-2023,219,129,0,0,0,94,132,112,157,School-Level CALPADS UPC Data,0
6041644,2018-2019,262,167,0,3,0,101,168,180,220,School-Level CALPADS UPC Data,
6041644,2023-2024,248,157,0,0,0,103,159,111,182,School-Level CALPADS UPC Data,0
6041644,2021-2022,226,143,0,0,0,92,143,121,174,School-Level CALPADS UPC Data,0
6041644,2020-2021,255,148,0,3,0,109,148,135,186,School-Level CALPADS UPC Data,0
6041644,2017-2018,253,157,0,1,0,96,161,157,209,School-Level CALPADS UPC Data,
6041644,2016-2017,260,164,0,1,0,85,165,174,217,School-Level CALPADS UPC Data,
6041685,2019-2020,530,268,0,3,0,130,270,216,347,School-Level CALPADS UPC Data,
6041685,2022-2023,521,294,0,2,0,186,297,196,348,School-Level CALPADS UPC Data,0
6041685,2018-2019,528,290,0,2,0,135,290,227,367,School-Level CALPADS UPC Data,
6041685,2023-2024,521,306,1,3,0,181,307,148,336,School-Level CALPADS UPC Data,0
6041685,2021-2022,530,277,0,2,0,159,280,195,339,School-Level CALPADS UPC Data,0
6041685,2020-2021,528,266,0,2,0,146,267,196,328,School-Level CALPADS UPC Data,0
6041685,2017-2018,512,297,0,3,0,155,301,256,374,School-Level CALPADS UPC Data,
6041685,2016-2017,522,314,0,3,0,141,315,260,380,School-Level CALPADS UPC Data,
6041701,2019-2020,313,262,2,9,0,168,264,155,286,School-Level CALPADS UPC Data,
6041701,2022-2023,254,210,2,11,1,156,212,127,233,School-Level CALPADS UPC Data,0
6041701,2018-2019,338,275,2,13,0,190,277,167,309,School-Level CALPADS UPC Data,
6041701,2023-2024,263,203,0,6,1,157,206,103,224,School-Level CALPADS UPC Data,0
6041701,2021-2022,297,206,2,10,0,171,208,136,245,School-Level CALPADS UPC Data,0
6041701,2020-2021,313,220,0,7,0,167,224,148,265,School-Level CALPADS UPC Data,0
6041701,2017-2018,360,284,1,7,0,206,302,172,330,School-Level CALPADS UPC Data,
6041701,2016-2017,392,311,5,15,0,198,314,182,356,School-Level CALPADS UPC Data,
6041727,2019-2020,593,192,0,2,0,93,192,192,270,School-Level CALPADS UPC Data,
6041727,2022-2023,583,188,0,2,0,141,194,172,263,School-Level CALPADS UPC Data,0
6041727,2018-2019,590,179,0,2,0,95,181,208,278,School-Level CALPADS UPC Data,
6041727,2023-2024,590,197,2,2,0,142,199,147,260,School-Level CALPADS UPC Data,0
6041727,2021-2022,533,158,3,0,0,112,158,159,231,School-Level CALPADS UPC Data,0
6041727,2020-2021,575,167,0,1,0,106,169,174,251,School-Level CALPADS UPC Data,0
6041727,2017-2018,583,182,0,1,0,92,188,210,278,School-Level CALPADS UPC Data,
6041727,2016-2017,592,216,0,3,0,78,216,202,289,School-Level CALPADS UPC Data,
6059828,2019-2020,1200,368,2,8,0,200,372,108,404,School-Level CALPADS UPC Data,
6059828,2022-2023,1192,399,1,14,0,288,417,120,453,School-Level CALPADS UPC Data,0
6059828,2018-2019,1188,436,1,8,1,220,445,101,481,School-Level CALPADS UPC Data,
6059828,2023-2024,1193,447,5,11,0,287,448,62,463,School-Level CALPADS UPC Data,0
6059828,2021-2022,1178,387,1,11,0,264,390,106,431,School-Level CALPADS UPC Data,0
6059828,2020-2021,1194,379,0,9,0,232,384,82,417,School-Level CALPADS UPC Data,0
6059828,2017-2018,1177,438,1,9,1,257,459,87,486,School-Level CALPADS UPC Data,
6059828,2016-2017,1196,449,5,15,1,241,464,80,485,School-Level CALPADS UPC Data,
6059844,2019-2020,569,351,2,60,0,249,357,213,415,School-Level CALPADS UPC Data,
6059844,2022-2023,535,373,3,65,0,334,394,212,433,School-Level CALPADS UPC Data,0
6059844,2018-2019,560,386,2,64,0,266,393,205,434,School-Level CALPADS UPC Data,
6059844,2023-2024,511,369,3,47,0,311,373,143,392,School-Level CALPADS UPC Data,0
6059844,2021-2022,548,406,3,65,0,314,413,205,439,School-Level CALPADS UPC Data,0
6059844,2020-2021,583,408,0,62,0,322,416,223,457,School-Level CALPADS UPC Data,0
6059844,2017-2018,584,396,0,37,0,296,422,226,461,School-Level CALPADS UPC Data,
6059844,2016-2017,617,400,5,34,0,267,414,242,466,School-Level CALPADS UPC Data,
6059851,2019-2020,988,534,5,15,4,297,540,225,601,School-Level CALPADS UPC Data,
6059851,2022-2023,938,543,1,17,4,362,569,189,612,School-Level CALPADS UPC Data,0
6059851,2018-2019,971,578,2,20,4,321,581,228,624,School-Level CALPADS UPC Data,
6059851,2023-2024,948,579,2,7,1,354,583,134,610,School-Level CALPADS UPC Data,0
6059851,2021-2022,934,537,0,15,9,324,544,223,596,School-Level CALPADS UPC Data,0
6059851,2020-2021,976,555,0,16,7,331,558,189,609,School-Level CALPADS UPC Data,0
6059851,2017-2018,960,586,4,21,4,351,597,180,624,School-Level CALPADS UPC Data,
6059851,2016-2017,978,620,5,31,6,295,624,154,639,School-Level CALPADS UPC Data,
6059869,2019-2020,823,458,7,42,1,252,460,220,513,School-Level CALPADS UPC Data,
6059869,2022-2023,816,472,5,42,0,356,501,221,553,School-Level CALPADS UPC Data,0
6059869,2018-2019,835,532,7,52,0,282,535,215,581,School-Level CALPADS UPC Data,
6059869,2023-2024,790,481,3,23,0,328,486,203,548,School-Level CALPADS UPC Data,0
6059869,2021-2022,794,451,4,39,0,310,464,209,520,School-Level CALPADS UPC Data,0
6059869,2020-2021,828,436,3,39,0,306,450,206,517,School-Level CALPADS UPC Data,0
6059869,2017-2018,833,526,3,48,1,302,546,202,588,School-Level CALPADS UPC Data,
6059869,2016-2017,799,461,6,52,2,266,481,188,519,School-Level CALPADS UPC Data,
6059885,2019-2020,453,340,1,31,1,241,343,109,362,School-Level CALPADS UPC Data,
6059885,2022-2023,366,248,3,41,3,191,259,100,274,School-Level CALPADS UPC Data,0
6059885,2018-2019,516,397,5,15,4,250,397,143,422,School-Level CALPADS UPC Data,
6059885,2023-2024,371,261,0,17,3,209,265,102,290,School-Level CALPADS UPC Data,0
6059885,2021-2022,400,306,2,43,4,229,312,110,330,School-Level CALPADS UPC Data,0
6059885,2020-2021,430,297,1,43,2,229,300,122,328,School-Level CALPADS UPC Data,0
6059885,2017-2018,502,349,2,20,0,229,367,133,396,School-Level CALPADS UPC Data,
6059885,2016-2017,501,311,4,21,1,214,322,107,355,School-Level CALPADS UPC Data,
6059901,2019-2020,705,282,1,15,1,163,283,99,313,School-Level CALPADS UPC Data,
6059901,2022-2023,666,243,0,13,0,200,258,83,284,School-Level CALPADS UPC Data,0
6059901,2018-2019,694,297,1,14,0,168,300,74,316,School-Level CALPADS UPC Data,
6059901,2023-2024,657,294,0,9,0,200,296,47,307,School-Level CALPADS UPC Data,0
6059901,2021-2022,670,262,1,18,1,197,268,97,296,School-Level CALPADS UPC Data,0
6059901,2020-2021,698,262,2,15,1,175,267,93,294,School-Level CALPADS UPC Data,0
6059901,2017-2018,681,309,1,17,0,199,318,73,338,School-Level CALPADS UPC Data,
6059901,2016-2017,699,365,1,27,0,190,368,81,383,School-Level CALPADS UPC Data,
6059919,2019-2020,423,286,0,16,0,179,290,199,361,School-Level CALPADS UPC Data,
6059919,2022-2023,326,244,1,26,0,170,249,136,279,School-Level CALPADS UPC Data,0
6059919,2018-2019,375,268,1,15,0,172,273,164,317,School-Level CALPADS UPC Data,
6059919,2023-2024,311,277,0,12,0,167,277,118,283,School-Level CALPADS UPC Data,0
6059919,2021-2022,347,240,2,18,0,187,246,147,285,School-Level CALPADS UPC Data,0
6059919,2020-2021,358,245,1,17,0,193,251,153,299,School-Level CALPADS UPC Data,0
6059919,2017-2018,373,280,4,26,2,171,292,157,323,School-Level CALPADS UPC Data,
6059919,2016-2017,390,256,2,27,3,165,262,152,304,School-Level CALPADS UPC Data,
6062020,2019-2020,973,470,1,22,3,281,473,175,525,School-Level CALPADS UPC Data,
6062020,2022-2023,848,402,6,37,0,317,426,144,463,School-Level CALPADS UPC Data,0
6062020,2018-2019,976,529,3,18,3,294,534,182,572,School-Level CALPADS UPC Data,
6062020,2023-2024,857,514,2,20,0,313,517,115,532,School-Level CALPADS UPC Data,0
6062020,2021-2022,855,423,2,30,3,323,431,149,470,School-Level CALPADS UPC Data,0
6062020,2020-2021,939,466,2,28,4,334,473,160,514,School-Level CALPADS UPC Data,0
6062020,2017-2018,948,477,2,21,2,277,494,149,524,School-Level CALPADS UPC Data,
6062020,2016-2017,987,552,7,31,2,248,555,148,576,School-Level CALPADS UPC Data,
6062038,2019-2020,709,431,4,74,5,268,443,355,538,School-Level CALPADS UPC Data,
6062038,2022-2023,504,300,4,56,3,230,322,262,395,School-Level CALPADS UPC Data,0
6062038,2018-2019,694,409,8,83,6,251,415,282,478,School-Level CALPADS UPC Data,
6062038,2023-2024,467,303,5,26,0,202,307,241,365,School-Level CALPADS UPC Data,0
6062038,2021-2022,598,393,3,70,8,266,404,282,470,School-Level CALPADS UPC Data,0
6062038,2020-2021,622,401,5,87,8,274,409,297,486,School-Level CALPADS UPC Data,0
6062038,2017-2018,681,364,4,82,8,218,392,267,457,School-Level CALPADS UPC Data,
6062038,2016-2017,610,343,5,92,11,194,363,216,389,School-Level CALPADS UPC Data,
6062046,2019-2020,578,318,2,23,11,201,325,353,437,School-Level CALPADS UPC Data,
6062046,2022-2023,598,432,0,34,10,260,435,363,497,School-Level CALPADS UPC Data,0
6062046,2018-2019,589,373,2,24,21,193,375,326,452,School-Level CALPADS UPC Data,
6062046,2023-2024,585,335,0,25,8,241,339,337,447,School-Level CALPADS UPC Data,0
6062046,2021-2022,591,355,2,28,11,254,361,362,460,School-Level CALPADS UPC Data,0
6062046,2020-2021,585,348,7,25,13,235,355,356,451,School-Level CALPADS UPC Data,0
6062046,2017-2018,589,325,6,30,14,205,348,312,435,School-Level CALPADS UPC Data,
6062046,2016-2017,592,337,5,33,17,177,345,300,406,School-Level CALPADS UPC Data,
6062053,2019-2020,463,282,3,45,6,195,291,180,337,School-Level CALPADS UPC Data,
6062053,2022-2023,485,288,1,53,3,227,305,202,361,School-Level CALPADS UPC Data,0
6062053,2018-2019,568,395,2,52,9,230,401,228,442,School-Level CALPADS UPC Data,
6062053,2023-2024,476,284,7,29,1,205,288,185,341,School-Level CALPADS UPC Data,0
6062053,2021-2022,424,280,5,47,3,197,288,162,313,School-Level CALPADS UPC Data,0
6062053,2020-2021,457,254,2,39,1,187,261,174,322,School-Level CALPADS UPC Data,0
6062053,2017-2018,621,384,2,64,8,281,410,235,475,School-Level CALPADS UPC Data,
6062053,2016-2017,655,393,1,78,13,259,408,214,461,School-Level CALPADS UPC Data,
6062061,2019-2020,770,509,3,66,0,316,519,187,558,School-Level CALPADS UPC Data,
6062061,2022-2023,676,423,3,123,0,336,453,160,487,School-Level CALPADS UPC Data,0
6062061,2018-2019,790,555,5,60,0,334,560,170,594,School-Level CALPADS UPC Data,
6062061,2023-2024,654,492,3,90,0,325,495,117,515,School-Level CALPADS UPC Data,0
6062061,2021-2022,684,431,3,91,0,328,446,145,473,School-Level CALPADS UPC Data,0
6062061,2020-2021,752,475,3,76,0,342,496,163,529,School-Level CALPADS UPC Data,0
6062061,2017-2018,789,514,2,36,0,355,540,189,579,School-Level CALPADS UPC Data,
6062061,2016-2017,793,503,3,41,0,317,511,146,549,School-Level CALPADS UPC Data,
6062079,2019-2020,1098,402,4,12,1,226,408,127,442,School-Level CALPADS UPC Data,
6062079,2022-2023,978,334,1,17,0,245,355,100,387,School-Level CALPADS UPC Data,0
6062079,2018-2019,1060,389,3,9,1,236,392,118,427,School-Level CALPADS UPC Data,
6062079,2023-2024,980,337,1,16,0,241,344,73,364,School-Level CALPADS UPC Data,0
6062079,2021-2022,987,347,2,12,1,246,347,95,371,School-Level CALPADS UPC Data,0
6062079,2020-2021,1074,369,4,10,1,262,375,115,410,School-Level CALPADS UPC Data,0
6062079,2017-2018,1077,367,4,14,1,224,385,101,410,School-Level CALPADS UPC Data,
6062079,2016-2017,1134,420,3,16,0,217,438,98,462,School-Level CALPADS UPC Data,
6089569,2019-2020,46,44,0,0,0,24,44,45,46,School-Level CALPADS UPC Data,
6089569,2022-2023,21,20,0,1,0,15,21,17,21,School-Level CALPADS UPC Data,0
6089569,2018-2019,50,44,0,6,0,31,46,46,49,School-Level CALPADS UPC Data,
6089569,2023-2024,12,11,0,0,0,8,11,6,12,School-Level CALPADS UPC Data,0
6089569,2021-2022,30,29,0,1,0,25,29,23,30,School-Level CALPADS UPC Data,0
6089569,2020-2021,25,22,0,0,0,19,22,24,25,School-Level CALPADS UPC Data,0
6089569,2017-2018,59,49,0,0,0,31,53,52,59,School-Level CALPADS UPC Data,
6089569,2016-2017,75,72,0,0,0,51,72,73,75,School-Level CALPADS UPC Data,
6089585,2019-2020,194,131,0,24,3,46,140,174,183,School-Level CALPADS UPC Data,
6089585,2022-2023,141,85,0,5,0,54,88,99,121,School-Level CALPADS UPC Data,0
6089585,2018-2019,105,56,0,22,0,30,66,76,87,School-Level CALPADS UPC Data,
6089585,2023-2024,124,78,1,4,0,26,83,57,91,School-Level CALPADS UPC Data,0
6089585,2021-2022,51,39,0,1,0,22,40,38,47,School-Level CALPADS UPC Data,0
6089585,2020-2021,108,88,0,6,5,60,91,92,95,School-Level CALPADS UPC Data,0
6089585,2017-2018,87,59,0,3,0,21,60,81,84,School-Level CALPADS UPC Data,
6089585,2016-2017,164,160,0,16,0,41,162,162,163,School-Level CALPADS UPC Data,
6089775,2019-2020,586,160,2,6,0,101,162,48,186,School-Level CALPADS UPC Data,
6089775,2022-2023,536,171,1,11,0,120,173,45,194,School-Level CALPADS UPC Data,0
6089775,2018-2019,568,168,2,2,0,99,170,56,199,School-Level CALPADS UPC Data,
6089775,2023-2024,568,165,2,6,0,124,168,33,190,School-Level CALPADS UPC Data,0
6089775,2021-2022,539,149,0,3,0,107,153,37,174,School-Level CALPADS UPC Data,0
6089775,2020-2021,583,160,2,5,0,110,164,45,187,School-Level CALPADS UPC Data,0
6089775,2017-2018,583,173,0,9,1,104,186,55,205,School-Level CALPADS UPC Data,
6089775,2016-2017,590,187,0,11,1,95,189,55,207,School-Level CALPADS UPC Data,
6093488,2019-2020,273,138,2,8,0,80,141,49,153,School-Level CALPADS UPC Data,
6093488,2022-2023,275,125,3,7,0,87,128,39,136,School-Level CALPADS UPC Data,0
6093488,2018-2019,280,158,0,12,0,87,159,52,174,School-Level CALPADS UPC Data,
6093488,2023-2024,274,113,5,7,0,82,120,34,129,School-Level CALPADS UPC Data,0
6093488,2021-2022,280,120,3,7,0,83,124,43,135,School-Level CALPADS UPC Data,0
6093488,2020-2021,277,108,1,4,0,77,109,43,123,School-Level CALPADS UPC Data,0
6093488,2017-2018,278,152,0,10,1,94,162,44,170,School-Level CALPADS UPC Data,
6093488,2016-2017,280,156,0,6,1,92,159,54,168,School-Level CALPADS UPC Data,
6093496,2019-2020,128,103,3,24,0,91,107,11,108,School-Level CALPADS UPC Data,
6093496,2022-2023,101,76,3,8,0,69,82,14,88,School-Level CALPADS UPC Data,0
6093496,2018-2019,151,128,5,10,0,92,132,16,135,School-Level CALPADS UPC Data,
6093496,2023-2024,97,84,4,4,0,74,86,11,90,School-Level CALPADS UPC Data,0
6093496,2021-2022,107,100,3,13,0,79,101,12,103,School-Level CALPADS UPC Data,0
6093496,2020-2021,111,81,1,22,0,78,86,9,90,School-Level CALPADS UPC Data,0
6093496,2017-2018,167,125,8,10,0,102,138,15,140,School-Level CALPADS UPC Data,
6093496,2016-2017,190,136,9,18,0,114,141,12,145,School-Level CALPADS UPC Data,
6097919,2019-2020,254,51,0,2,0,42,51,25,69,School-Level CALPADS UPC Data,
6097919,2022-2023,256,65,0,3,0,55,66,17,76,School-Level CALPADS UPC Data,0
6097919,2018-2019,246,54,0,2,0,39,55,24,74,School-Level CALPADS UPC Data,
6097919,2023-2024,254,51,1,2,0,43,53,13,62,School-Level CALPADS UPC Data,0
6097919,2021-2022,233,56,3,1,0,51,57,15,67,School-Level CALPADS UPC Data,0
6097919,2020-2021,253,48,0,3,0,52,53,17,65,School-Level CALPADS UPC Data,0
6097919,2017-2018,248,57,0,0,0,38,59,19,72,School-Level CALPADS UPC Data,
6097919,2016-2017,255,65,0,2,0,42,68,22,82,School-Level CALPADS UPC Data,
6099154,2019-2020,386,294,0,8,23,157,297,270,348,School-Level CALPADS UPC Data,
6099154,2022-2023,357,273,0,8,10,159,275,224,310,School-Level CALPADS UPC Data,0
6099154,2018-2019,381,301,0,10,21,154,303,254,340,School-Level CALPADS UPC Data,
6099154,2023-2024,352,285,2,3,6,166,286,217,316,School-Level CALPADS UPC Data,0
6099154,2021-2022,357,277,0,7,14,167,278,217,309,School-Level CALPADS UPC Data,0
6099154,2020-2021,373,305,0,6,17,161,307,226,335,School-Level CALPADS UPC Data,0
6099154,2017-2018,379,301,1,8,15,167,311,278,352,School-Level CALPADS UPC Data,
6099154,2016-2017,390,328,2,5,13,158,329,263,359,School-Level CALPADS UPC Data,
6102479,2019-2020,699,120,0,1,0,60,122,70,169,School-Level CALPADS UPC Data,
6102479,2022-2023,669,124,0,5,0,110,129,62,164,School-Level CALPADS UPC Data,0
6102479,2018-2019,697,120,0,3,0,69,121,87,184,School-Level CALPADS UPC Data,
6102479,2023-2024,670,141,1,3,0,110,141,62,180,School-Level CALPADS UPC Data,0
6102479,2021-2022,645,116,1,1,0,83,121,76,172,School-Level CALPADS UPC Data,0
6102479,2020-2021,692,114,0,1,0,80,116,70,162,School-Level CALPADS UPC Data,0
6102479,2017-2018,676,128,0,2,0,79,137,85,192,School-Level CALPADS UPC Data,
6102479,2016-2017,680,141,0,4,0,73,147,76,193,School-Level CALPADS UPC Data,
6104673,2019-2020,155,117,8,6,0,86,117,23,121,School-Level CALPADS UPC Data,
6104673,2022-2023,174,121,1,2,0,108,125,44,142,School-Level CALPADS UPC Data,0
6104673,2018-2019,199,143,4,19,0,119,150,32,160,School-Level CALPADS UPC Data,
6104673,2023-2024,187,114,3,0,0,106,120,47,144,School-Level CALPADS UPC Data,0
6104673,2021-2022,165,108,4,3,0,97,113,33,125,School-Level CALPADS UPC Data,0
6104673,2020-2021,152,104,2,3,0,90,105,25,112,School-Level CALPADS UPC Data,0
6104673,2017-2018,178,131,7,12,0,108,140,21,146,School-Level CALPADS UPC Data,
6104673,2016-2017,206,170,7,15,0,131,174,14,176,School-Level CALPADS UPC Data,
6113245,2019-2020,590,180,0,0,0,101,180,95,227,School-Level CALPADS UPC Data,
6113245,2022-2023,586,197,0,1,0,149,198,88,233,School-Level CALPADS UPC Data,0
6113245,2018-2019,590,200,0,0,0,114,201,105,250,School-Level CALPADS UPC Data,
6113245,2023-2024,589,213,0,0,0,139,215,58,234,School-Level CALPADS UPC Data,0
6113245,2021-2022,586,208,1,1,0,145,208,92,244,School-Level CALPADS UPC Data,0
6113245,2020-2021,587,189,3,0,0,118,189,90,226,School-Level CALPADS UPC Data,0
6113245,2017-2018,582,196,0,0,0,108,205,102,253,School-Level CALPADS UPC Data,
6113245,2016-2017,589,215,0,0,0,95,219,104,261,School-Level CALPADS UPC Data,
6113252,2019-2020,266,196,0,17,0,127,201,113,218,School-Level CALPADS UPC Data,
6113252,2022-2023,260,197,0,9,0,170,199,110,216,School-Level CALPADS UPC Data,0
6113252,2018-2019,266,192,0,18,0,126,196,106,227,School-Level CALPADS UPC Data,
6113252,2023-2024,253,190,0,6,0,150,190,123,212,School-Level CALPADS UPC Data,0
6113252,2021-2022,265,202,1,12,0,161,206,147,229,School-Level CALPADS UPC Data,0
6113252,2020-2021,265,173,1,13,0,149,177,131,216,School-Level CALPADS UPC Data,0
6113252,2017-2018,267,192,0,19,0,116,199,170,228,School-Level CALPADS UPC Data,
6113252,2016-2017,270,220,0,12,0,95,221,126,238,School-Level CALPADS UPC Data,
6113997,2019-2020,402,104,0,0,0,59,104,80,132,School-Level CALPADS UPC Data,
6113997,2022-2023,402,117,0,0,0,83,118,64,137,School-Level CALPADS UPC Data,0
6113997,2018-2019,407,96,0,0,0,50,96,76,133,School-Level CALPADS UPC Data,
6113997,2023-2024,403,138,0,0,0,83,139,67,166,School-Level CALPADS UPC Data,0
6113997,2021-2022,401,119,0,0,0,79,119,64,135,School-Level CALPADS UPC Data,0
6113997,2020-2021,396,121,0,0,0,71,123,59,138,School-Level CALPADS UPC Data,0
6113997,2017-2018,399,97,0,0,0,44,102,74,135,School-Level CALPADS UPC Data,
6113997,2016-2017,403,101,0,0,0,46,104,57,124,School-Level CALPADS UPC Data,
6115901,2019-2020,338,278,2,35,0,181,284,172,320,School-Level CALPADS UPC Data,
6115901,2022-2023,258,204,0,36,0,157,206,139,233,School-Level CALPADS UPC Data,0
6115901,2018-2019,314,271,5,36,0,169,271,169,298,School-Level CALPADS UPC Data,
6115901,2023-2024,278,202,2,20,0,172,209,145,251,School-Level CALPADS UPC Data,0
6115901,2021-2022,293,230,2,47,0,188,237,157,266,School-Level CALPADS UPC Data,0
6115901,2020-2021,315,253,0,42,0,190,256,156,285,School-Level CALPADS UPC Data,0
6115901,2017-2018,327,286,9,30,0,182,297,180,318,School-Level CALPADS UPC Data,
6115901,2016-2017,298,278,3,19,0,147,278,174,289,School-Level CALPADS UPC Data,
0117515,2018-2019,2,0,0,0,0,0,0,0,0,School-Level CALPADS UPC Data,
0117572,2018-2019,1,0,0,0,0,0,0,0,0,School-Level CALPADS UPC Data,
0117572,2017-2018,2,0,0,0,0,0,0,0,0,School-Level CALPADS UPC Data,
0128876,2016-2017,133,55,3,7,0,25,58,17,68,School-Level CALPADS UPC Data,
